source,lane,title,url,context_url,created_or_updated,score,automation_level,cash_path,manual_blocker,contact_email,contact_url,draft_subject,draft_body,next_action
hacker_news,HN Show HN product feedback,"Ask HN: Feedback on an AI-driven ""Life RPG"" for real-world skill building?",https://news.ycombinator.com/item?id=48379087,https://news.ycombinator.com/item?id=48379087,2026-06-03T02:19:27Z,93,auto_discover_auto_draft_manual_send,USD 50-100 paid feedback/testing/workflow offer if public contact exists,Send only if contact is public and relevant; no spam; no account/KYC bypass,,,Show HN - practical workflow/testing pass,"Hi,

I saw your Ask HN: Feedback on an AI-driven ""Life RPG"" for real-world skill building?. The product looks like a fit for a small fixed-scope external operator test.

Offer: I can do one USD 100 pass and send back a concise report covering:
- onboarding and first workflow friction
- docs/API clarity from a technical operator perspective
- edge cases and failure states worth testing
- one practical checklist you can reuse with early users

I will stay within public/demo flows unless you explicitly provide a sandbox. No production probing or noisy security testing.

Proof/profile:
https://aldorizona10-glitch.github.io/quickops-ai/profile/
https://aldorizona10-glitch.github.io/quickops-ai/landing/#services
https://aldorizona10-glitch.github.io/quickops-ai/security-audit/
https://aldorizona10-glitch.github.io/quickops-ai/start/index.html

Context I found: https://news.ycombinator.com/item?id=48379087

Best,
Aldo
","If contact exists, review draft and send one specific offer. If only contact URL exists, use form manually."
hacker_news,HN Show HN technical tester,Show HN: VisiSign – $0.10 per envelope e-signatures with no monthly fee,https://visisign.app/,https://news.ycombinator.com/item?id=48154654,2026-05-15T22:17:11Z,90,auto_discover_auto_draft_manual_send,USD 50-100 paid feedback/testing/workflow offer if public contact exists,Send only if contact is public and relevant; no spam; no account/KYC bypass,,https://visisign.app/contact,Show HN - e-signature workflow testing pass,"Hi,

I saw your Show HN: VisiSign – $0.10 per envelope e-signatures with no monthly fee. The product looks like a fit for a small fixed-scope external operator test.

Offer: I can do one USD 100 pass and send back a concise report covering:
- onboarding and first workflow friction
- docs/API clarity from a technical operator perspective
- edge cases and failure states worth testing
- one practical checklist you can reuse with early users

I will stay within public/demo flows unless you explicitly provide a sandbox. No production probing or noisy security testing.

Proof/profile:
https://aldorizona10-glitch.github.io/quickops-ai/profile/
https://aldorizona10-glitch.github.io/quickops-ai/landing/#services
https://aldorizona10-glitch.github.io/quickops-ai/security-audit/
https://aldorizona10-glitch.github.io/quickops-ai/start/index.html

Context I found: https://news.ycombinator.com/item?id=48154654

Best,
Aldo
","If contact exists, review draft and send one specific offer. If only contact URL exists, use form manually."
hacker_news,HN Show HN product feedback,Show HN: Papermill Press – An AI-friendly markup language for PDF generation,https://news.ycombinator.com/item?id=48477708,https://news.ycombinator.com/item?id=48477708,2026-06-10T15:21:33Z,85,auto_discover_auto_draft_manual_send,USD 50-100 paid feedback/testing/workflow offer if public contact exists,Send only if contact is public and relevant; no spam; no account/KYC bypass,,,Show HN - PDF workflow testing pass,"Hi,

I saw your Show HN: Papermill Press – An AI-friendly markup language for PDF generation. The product looks like a fit for a small fixed-scope external operator test.

Offer: I can do one USD 100 pass and send back a concise report covering:
- onboarding and first workflow friction
- docs/API clarity from a technical operator perspective
- edge cases and failure states worth testing
- one practical checklist you can reuse with early users

I will stay within public/demo flows unless you explicitly provide a sandbox. No production probing or noisy security testing.

Proof/profile:
https://aldorizona10-glitch.github.io/quickops-ai/profile/
https://aldorizona10-glitch.github.io/quickops-ai/landing/#services
https://aldorizona10-glitch.github.io/quickops-ai/security-audit/
https://aldorizona10-glitch.github.io/quickops-ai/start/index.html

Context I found: https://news.ycombinator.com/item?id=48477708

Best,
Aldo
","If contact exists, review draft and send one specific offer. If only contact URL exists, use form manually."
hacker_news,HN Show HN product feedback,Show HN: I am running 3 coding agents non-stop over the last 3 days. Here is how,https://news.ycombinator.com/item?id=48520757,https://news.ycombinator.com/item?id=48520757,2026-06-13T19:48:31Z,83,auto_discover_auto_draft_manual_send,USD 50-100 paid feedback/testing/workflow offer if public contact exists,Send only if contact is public and relevant; no spam; no account/KYC bypass,,,Show HN - AI workflow testing pass,"Hi,

I saw your Show HN: I am running 3 coding agents non-stop over the last 3 days. Here is how. The product looks like a fit for a small fixed-scope external operator test.

Offer: I can do one USD 100 pass and send back a concise report covering:
- onboarding and first workflow friction
- docs/API clarity from a technical operator perspective
- edge cases and failure states worth testing
- one practical checklist you can reuse with early users

I will stay within public/demo flows unless you explicitly provide a sandbox. No production probing or noisy security testing.

Proof/profile:
https://aldorizona10-glitch.github.io/quickops-ai/profile/
https://aldorizona10-glitch.github.io/quickops-ai/landing/#services
https://aldorizona10-glitch.github.io/quickops-ai/security-audit/
https://aldorizona10-glitch.github.io/quickops-ai/start/index.html

Context I found: https://news.ycombinator.com/item?id=48520757

Best,
Aldo
","If contact exists, review draft and send one specific offer. If only contact URL exists, use form manually."
hacker_news,HN Show HN technical tester,"Show HN: Inspection Credit – read your inspection, draft the negotiation",https://www.inspectioncredit.com,https://news.ycombinator.com/item?id=48098179,2026-05-11T17:47:46Z,75,auto_discover_auto_draft_manual_send,USD 50-100 paid feedback/testing/workflow offer if public contact exists,Send only if contact is public and relevant; no spam; no account/KYC bypass,hello@inspectioncredit.com,https://www.inspectioncredit.com/contact,Show HN - practical workflow/testing pass,"Hi,

I saw your Show HN: Inspection Credit – read your inspection, draft the negotiation. The product looks like a fit for a small fixed-scope external operator test.

Offer: I can do one USD 100 pass and send back a concise report covering:
- onboarding and first workflow friction
- docs/API clarity from a technical operator perspective
- edge cases and failure states worth testing
- one practical checklist you can reuse with early users

I will stay within public/demo flows unless you explicitly provide a sandbox. No production probing or noisy security testing.

Proof/profile:
https://aldorizona10-glitch.github.io/quickops-ai/profile/
https://aldorizona10-glitch.github.io/quickops-ai/landing/#services
https://aldorizona10-glitch.github.io/quickops-ai/security-audit/
https://aldorizona10-glitch.github.io/quickops-ai/start/index.html

Context I found: https://news.ycombinator.com/item?id=48098179

Best,
Aldo
","If contact exists, review draft and send one specific offer. If only contact URL exists, use form manually."
hacker_news,HN Show HN product feedback,Launch HN: Intuned (YC S22) – Build and run reliable browser automations as code,https://intunedhq.com,https://news.ycombinator.com/item?id=48445171,2026-06-08T13:35:27Z,68,auto_discover_auto_draft_manual_send,USD 50-100 paid feedback/testing/workflow offer if public contact exists,Send only if contact is public and relevant; no spam; no account/KYC bypass,,https://intunedhq.com/contact,Show HN - AI workflow testing pass,"Hi,

I saw your Launch HN: Intuned (YC S22) – Build and run reliable browser automations as code. The product looks like a fit for a small fixed-scope external operator test.

Offer: I can do one USD 100 pass and send back a concise report covering:
- onboarding and first workflow friction
- docs/API clarity from a technical operator perspective
- edge cases and failure states worth testing
- one practical checklist you can reuse with early users

I will stay within public/demo flows unless you explicitly provide a sandbox. No production probing or noisy security testing.

Proof/profile:
https://aldorizona10-glitch.github.io/quickops-ai/profile/
https://aldorizona10-glitch.github.io/quickops-ai/landing/#services
https://aldorizona10-glitch.github.io/quickops-ai/security-audit/
https://aldorizona10-glitch.github.io/quickops-ai/start/index.html

Context I found: https://news.ycombinator.com/item?id=48445171

Best,
Aldo
","If contact exists, review draft and send one specific offer. If only contact URL exists, use form manually."
hacker_news,HN Show HN product feedback,"Show HN: AG2B – Run the agent loop in the browser, expose your tools via WebMCP",https://ag2b.ai/docs,https://news.ycombinator.com/item?id=48308148,2026-05-28T12:44:45Z,65,auto_discover_auto_draft_manual_send,USD 50-100 paid feedback/testing/workflow offer if public contact exists,Send only if contact is public and relevant; no spam; no account/KYC bypass,,,Show HN - AI workflow testing pass,"Hi,

I saw your Show HN: AG2B – Run the agent loop in the browser, expose your tools via WebMCP. The product looks like a fit for a small fixed-scope external operator test.

Offer: I can do one USD 100 pass and send back a concise report covering:
- onboarding and first workflow friction
- docs/API clarity from a technical operator perspective
- edge cases and failure states worth testing
- one practical checklist you can reuse with early users

I will stay within public/demo flows unless you explicitly provide a sandbox. No production probing or noisy security testing.

Proof/profile:
https://aldorizona10-glitch.github.io/quickops-ai/profile/
https://aldorizona10-glitch.github.io/quickops-ai/landing/#services
https://aldorizona10-glitch.github.io/quickops-ai/security-audit/
https://aldorizona10-glitch.github.io/quickops-ai/start/index.html

Context I found: https://news.ycombinator.com/item?id=48308148

Best,
Aldo
","If contact exists, review draft and send one specific offer. If only contact URL exists, use form manually."
github,Open-source paid bounty,Arrow-air/website: Test Bounty,https://github.com/Arrow-air/website/issues/167,https://github.com/Arrow-air/website/issues/167,2026-06-05T08:49:01Z,55,auto_discover_manual_claim_auto_pr_possible,Bounty payment only after maintainer accepts/merges and pays,Must inspect duplicate attempts and payout rules before coding,,,,,"Open issue, check comments/claims, implement only if clean and bounty is explicit."
github,Open-source paid bounty,HutchyBen/maifetch: [BOUNTY] Rewrite in Rust,https://github.com/HutchyBen/maifetch/issues/1,https://github.com/HutchyBen/maifetch/issues/1,2026-06-14T17:36:53Z,55,auto_discover_manual_claim_auto_pr_possible,Bounty payment only after maintainer accepts/merges and pays,Must inspect duplicate attempts and payout rules before coding,,,,,"Open issue, check comments/claims, implement only if clean and bounty is explicit."
hacker_news,HN Show HN product feedback,Show HN: Integuru – Integrate with platforms via the source code,https://www.integuru.com,https://news.ycombinator.com/item?id=48323417,2026-05-29T14:16:55Z,55,auto_discover_auto_draft_manual_send,USD 50-100 paid feedback/testing/workflow offer if public contact exists,Send only if contact is public and relevant; no spam; no account/KYC bypass,,,Show HN - practical workflow/testing pass,"Hi,

I saw your Show HN: Integuru – Integrate with platforms via the source code. The product looks like a fit for a small fixed-scope external operator test.

Offer: I can do one USD 100 pass and send back a concise report covering:
- onboarding and first workflow friction
- docs/API clarity from a technical operator perspective
- edge cases and failure states worth testing
- one practical checklist you can reuse with early users

I will stay within public/demo flows unless you explicitly provide a sandbox. No production probing or noisy security testing.

Proof/profile:
https://aldorizona10-glitch.github.io/quickops-ai/profile/
https://aldorizona10-glitch.github.io/quickops-ai/landing/#services
https://aldorizona10-glitch.github.io/quickops-ai/security-audit/
https://aldorizona10-glitch.github.io/quickops-ai/start/index.html

Context I found: https://news.ycombinator.com/item?id=48323417

Best,
Aldo
","If contact exists, review draft and send one specific offer. If only contact URL exists, use form manually."
hacker_news,HN Show HN workflow buyer,Show HN: DocStreamAI – Automatic invoice/receipt collection for Quickbooks/Xero,https://docstreamai.com/,https://news.ycombinator.com/item?id=48485900,2026-06-11T03:28:49Z,50,auto_discover_auto_draft_manual_send,USD 50-100 paid feedback/testing/workflow offer if public contact exists,Send only if contact is public and relevant; no spam; no account/KYC bypass,,,Show HN - practical workflow/testing pass,"Hi,

I saw your Show HN: DocStreamAI – Automatic invoice/receipt collection for Quickbooks/Xero. The product looks like a fit for a small fixed-scope external operator test.

Offer: I can do one USD 100 pass and send back a concise report covering:
- onboarding and first workflow friction
- docs/API clarity from a technical operator perspective
- edge cases and failure states worth testing
- one practical checklist you can reuse with early users

I will stay within public/demo flows unless you explicitly provide a sandbox. No production probing or noisy security testing.

Proof/profile:
https://aldorizona10-glitch.github.io/quickops-ai/profile/
https://aldorizona10-glitch.github.io/quickops-ai/landing/#services
https://aldorizona10-glitch.github.io/quickops-ai/security-audit/
https://aldorizona10-glitch.github.io/quickops-ai/start/index.html

Context I found: https://news.ycombinator.com/item?id=48485900

Best,
Aldo
","If contact exists, review draft and send one specific offer. If only contact URL exists, use form manually."
hacker_news,HN Show HN workflow buyer,Show HN: An iOS bubble level designed to calibrate away camera bump,https://apps.apple.com/us/app/bubble-level-calibrated/id6767735397,https://news.ycombinator.com/item?id=48429618,2026-06-06T22:24:05Z,50,auto_discover_auto_draft_manual_send,USD 50-100 paid feedback/testing/workflow offer if public contact exists,Send only if contact is public and relevant; no spam; no account/KYC bypass,,,Show HN - e-signature workflow testing pass,"Hi,

I saw your Show HN: An iOS bubble level designed to calibrate away camera bump. The product looks like a fit for a small fixed-scope external operator test.

Offer: I can do one USD 100 pass and send back a concise report covering:
- onboarding and first workflow friction
- docs/API clarity from a technical operator perspective
- edge cases and failure states worth testing
- one practical checklist you can reuse with early users

I will stay within public/demo flows unless you explicitly provide a sandbox. No production probing or noisy security testing.

Proof/profile:
https://aldorizona10-glitch.github.io/quickops-ai/profile/
https://aldorizona10-glitch.github.io/quickops-ai/landing/#services
https://aldorizona10-glitch.github.io/quickops-ai/security-audit/
https://aldorizona10-glitch.github.io/quickops-ai/start/index.html

Context I found: https://news.ycombinator.com/item?id=48429618

Best,
Aldo
","If contact exists, review draft and send one specific offer. If only contact URL exists, use form manually."
github,Open-source paid bounty,souleater06/mineagent: Bounty,https://github.com/souleater06/mineagent/issues/21,https://github.com/souleater06/mineagent/issues/21,2026-06-14T10:58:42Z,45,auto_discover_manual_claim_auto_pr_possible,Bounty payment only after maintainer accepts/merges and pays,Must inspect duplicate attempts and payout rules before coding,,,,,"Open issue, check comments/claims, implement only if clean and bounty is explicit."
github,Open-source paid bounty,MoonFuji/BountyScout: 🎯 Bounty Alert: 1 fresh fiat bounty,https://github.com/MoonFuji/BountyScout/issues/5,https://github.com/MoonFuji/BountyScout/issues/5,2026-06-11T00:13:48Z,45,auto_discover_manual_claim_auto_pr_possible,Bounty payment only after maintainer accepts/merges and pays,Must inspect duplicate attempts and payout rules before coding,,,,,"Open issue, check comments/claims, implement only if clean and bounty is explicit."
github,Open-source paid bounty,midnightntwrk/contributor-hub: [Bounty]:,https://github.com/midnightntwrk/contributor-hub/issues/463,https://github.com/midnightntwrk/contributor-hub/issues/463,2026-06-05T13:42:23Z,45,auto_discover_manual_claim_auto_pr_possible,Bounty payment only after maintainer accepts/merges and pays,Must inspect duplicate attempts and payout rules before coding,,,,,"Open issue, check comments/claims, implement only if clean and bounty is explicit."
github,Open-source paid bounty,Marvin-The-Bodega-Cat/sleeping-soundly-on-the-rug: Bounty: Chapter 2 \u2014 Bounties Before Bags,https://github.com/Marvin-The-Bodega-Cat/sleeping-soundly-on-the-rug/issues/2,https://github.com/Marvin-The-Bodega-Cat/sleeping-soundly-on-the-rug/issues/2,2026-06-12T12:04:03Z,45,auto_discover_manual_claim_auto_pr_possible,Bounty payment only after maintainer accepts/merges and pays,Must inspect duplicate attempts and payout rules before coding,,,,,"Open issue, check comments/claims, implement only if clean and bounty is explicit."
github,Open-source paid bounty,xevrion-v2/agent-playground: Bounty issue template omits required /bounty marker,https://github.com/xevrion-v2/agent-playground/issues/687,https://github.com/xevrion-v2/agent-playground/issues/687,2026-06-11T12:53:44Z,45,auto_discover_manual_claim_auto_pr_possible,Bounty payment only after maintainer accepts/merges and pays,Must inspect duplicate attempts and payout rules before coding,,,,,"Open issue, check comments/claims, implement only if clean and bounty is explicit."
github,Open-source paid bounty,MoonFuji/BountyScout: 🎯 Bounty Alert: 2 fresh fiat bounties,https://github.com/MoonFuji/BountyScout/issues/3,https://github.com/MoonFuji/BountyScout/issues/3,2026-06-08T11:17:18Z,45,auto_discover_manual_claim_auto_pr_possible,Bounty payment only after maintainer accepts/merges and pays,Must inspect duplicate attempts and payout rules before coding,,,,,"Open issue, check comments/claims, implement only if clean and bounty is explicit."
github,Open-source paid bounty,xevrion-v2/agent-playground: Seeded starter bounty issues omit parent bounty reference,https://github.com/xevrion-v2/agent-playground/issues/1035,https://github.com/xevrion-v2/agent-playground/issues/1035,2026-06-12T20:05:44Z,45,auto_discover_manual_claim_auto_pr_possible,Bounty payment only after maintainer accepts/merges and pays,Must inspect duplicate attempts and payout rules before coding,,,,,"Open issue, check comments/claims, implement only if clean and bounty is explicit."
github,Open-source paid bounty,Freeuni-OOP/final-project-gitbounty: Implement Bounties Page,https://github.com/Freeuni-OOP/final-project-gitbounty/issues/68,https://github.com/Freeuni-OOP/final-project-gitbounty/issues/68,2026-06-11T12:21:23Z,45,auto_discover_manual_claim_auto_pr_possible,Bounty payment only after maintainer accepts/merges and pays,Must inspect duplicate attempts and payout rules before coding,,,,,"Open issue, check comments/claims, implement only if clean and bounty is explicit."
github,Open-source paid bounty,onflow/flow-credit-markets: Bug Bounty,https://github.com/onflow/flow-credit-markets/issues/26,https://github.com/onflow/flow-credit-markets/issues/26,2026-05-26T03:44:51Z,45,auto_discover_manual_claim_auto_pr_possible,Bounty payment only after maintainer accepts/merges and pays,Must inspect duplicate attempts and payout rules before coding,,,,,"Open issue, check comments/claims, implement only if clean and bounty is explicit."
github,Open-source paid bounty,vansh-09/BountyScout: [BOUNTY] Text Needed,https://github.com/vansh-09/BountyScout/issues/17,https://github.com/vansh-09/BountyScout/issues/17,2026-06-04T07:57:48Z,45,auto_discover_manual_claim_auto_pr_possible,Bounty payment only after maintainer accepts/merges and pays,Must inspect duplicate attempts and payout rules before coding,,,,,"Open issue, check comments/claims, implement only if clean and bounty is explicit."
hacker_news,HN Show HN testing buyer,"Show HN: SynCodeLive – code and talk with your team along with AI, live",https://syncodelive.com/,https://news.ycombinator.com/item?id=48487791,2026-06-11T08:31:07Z,45,auto_discover_auto_draft_manual_send,USD 50-100 paid feedback/testing/workflow offer if public contact exists,Send only if contact is public and relevant; no spam; no account/KYC bypass,,,Show HN - practical workflow/testing pass,"Hi,

I saw your Show HN: SynCodeLive – code and talk with your team along with AI, live. The product looks like a fit for a small fixed-scope external operator test.

Offer: I can do one USD 100 pass and send back a concise report covering:
- onboarding and first workflow friction
- docs/API clarity from a technical operator perspective
- edge cases and failure states worth testing
- one practical checklist you can reuse with early users

I will stay within public/demo flows unless you explicitly provide a sandbox. No production probing or noisy security testing.

Proof/profile:
https://aldorizona10-glitch.github.io/quickops-ai/profile/
https://aldorizona10-glitch.github.io/quickops-ai/landing/#services
https://aldorizona10-glitch.github.io/quickops-ai/security-audit/
https://aldorizona10-glitch.github.io/quickops-ai/start/index.html

Context I found: https://news.ycombinator.com/item?id=48487791

Best,
Aldo
","If contact exists, review draft and send one specific offer. If only contact URL exists, use form manually."
hacker_news,HN Show HN product feedback,Show HN: Odeva Booking – A unified PMS for holiday parks and campgrounds,https://news.ycombinator.com/item?id=48376362,https://news.ycombinator.com/item?id=48376362,2026-06-02T21:11:42Z,43,auto_discover_auto_draft_manual_send,USD 50-100 paid feedback/testing/workflow offer if public contact exists,Send only if contact is public and relevant; no spam; no account/KYC bypass,,,Show HN - practical workflow/testing pass,"Hi,

I saw your Show HN: Odeva Booking – A unified PMS for holiday parks and campgrounds. The product looks like a fit for a small fixed-scope external operator test.

Offer: I can do one USD 100 pass and send back a concise report covering:
- onboarding and first workflow friction
- docs/API clarity from a technical operator perspective
- edge cases and failure states worth testing
- one practical checklist you can reuse with early users

I will stay within public/demo flows unless you explicitly provide a sandbox. No production probing or noisy security testing.

Proof/profile:
https://aldorizona10-glitch.github.io/quickops-ai/profile/
https://aldorizona10-glitch.github.io/quickops-ai/landing/#services
https://aldorizona10-glitch.github.io/quickops-ai/security-audit/
https://aldorizona10-glitch.github.io/quickops-ai/start/index.html

Context I found: https://news.ycombinator.com/item?id=48376362

Best,
Aldo
","If contact exists, review draft and send one specific offer. If only contact URL exists, use form manually."
hacker_news,HN Show HN testing buyer,"Show HN: Sandbox AI-app lifecycle, from build to run",https://capakit.com/,https://news.ycombinator.com/item?id=48461287,2026-06-09T14:02:32Z,43,auto_discover_auto_draft_manual_send,USD 50-100 paid feedback/testing/workflow offer if public contact exists,Send only if contact is public and relevant; no spam; no account/KYC bypass,,,Show HN - practical workflow/testing pass,"Hi,

I saw your Show HN: Sandbox AI-app lifecycle, from build to run. The product looks like a fit for a small fixed-scope external operator test.

Offer: I can do one USD 100 pass and send back a concise report covering:
- onboarding and first workflow friction
- docs/API clarity from a technical operator perspective
- edge cases and failure states worth testing
- one practical checklist you can reuse with early users

I will stay within public/demo flows unless you explicitly provide a sandbox. No production probing or noisy security testing.

Proof/profile:
https://aldorizona10-glitch.github.io/quickops-ai/profile/
https://aldorizona10-glitch.github.io/quickops-ai/landing/#services
https://aldorizona10-glitch.github.io/quickops-ai/security-audit/
https://aldorizona10-glitch.github.io/quickops-ai/start/index.html

Context I found: https://news.ycombinator.com/item?id=48461287

Best,
Aldo
","If contact exists, review draft and send one specific offer. If only contact URL exists, use form manually."
hacker_news,HN Show HN product feedback,"Show HN: Trace, offline Mac meeting transcripts you can flag mid-call",https://traceapp.info,https://news.ycombinator.com/item?id=48521236,2026-06-13T20:41:58Z,40,auto_discover_auto_draft_manual_send,USD 50-100 paid feedback/testing/workflow offer if public contact exists,Send only if contact is public and relevant; no spam; no account/KYC bypass,,,Show HN - practical workflow/testing pass,"Hi,

I saw your Show HN: Trace, offline Mac meeting transcripts you can flag mid-call. The product looks like a fit for a small fixed-scope external operator test.

Offer: I can do one USD 100 pass and send back a concise report covering:
- onboarding and first workflow friction
- docs/API clarity from a technical operator perspective
- edge cases and failure states worth testing
- one practical checklist you can reuse with early users

I will stay within public/demo flows unless you explicitly provide a sandbox. No production probing or noisy security testing.

Proof/profile:
https://aldorizona10-glitch.github.io/quickops-ai/profile/
https://aldorizona10-glitch.github.io/quickops-ai/landing/#services
https://aldorizona10-glitch.github.io/quickops-ai/security-audit/
https://aldorizona10-glitch.github.io/quickops-ai/start/index.html

Context I found: https://news.ycombinator.com/item?id=48521236

Best,
Aldo
","If contact exists, review draft and send one specific offer. If only contact URL exists, use form manually."
hacker_news,HN Show HN workflow buyer,Show HN: Beta live video app where everyone watches one person at a time,https://news.ycombinator.com/item?id=48445583,https://news.ycombinator.com/item?id=48445583,2026-06-08T14:07:38Z,40,auto_discover_auto_draft_manual_send,USD 50-100 paid feedback/testing/workflow offer if public contact exists,Send only if contact is public and relevant; no spam; no account/KYC bypass,,,Show HN - practical workflow/testing pass,"Hi,

I saw your Show HN: Beta live video app where everyone watches one person at a time. The product looks like a fit for a small fixed-scope external operator test.

Offer: I can do one USD 100 pass and send back a concise report covering:
- onboarding and first workflow friction
- docs/API clarity from a technical operator perspective
- edge cases and failure states worth testing
- one practical checklist you can reuse with early users

I will stay within public/demo flows unless you explicitly provide a sandbox. No production probing or noisy security testing.

Proof/profile:
https://aldorizona10-glitch.github.io/quickops-ai/profile/
https://aldorizona10-glitch.github.io/quickops-ai/landing/#services
https://aldorizona10-glitch.github.io/quickops-ai/security-audit/
https://aldorizona10-glitch.github.io/quickops-ai/start/index.html

Context I found: https://news.ycombinator.com/item?id=48445583

Best,
Aldo
","If contact exists, review draft and send one specific offer. If only contact URL exists, use form manually."
hacker_news,HN Show HN workflow buyer,Show HN: TabyAgent – A lighter and easier alternative to OpenClaw/Hermes,https://github.com/gpdir16/tabyAgent,https://news.ycombinator.com/item?id=48431928,2026-06-07T04:51:52Z,40,auto_discover_auto_draft_manual_send,USD 50-100 paid feedback/testing/workflow offer if public contact exists,Send only if contact is public and relevant; no spam; no account/KYC bypass,,,Show HN - AI workflow testing pass,"Hi,

I saw your Show HN: TabyAgent – A lighter and easier alternative to OpenClaw/Hermes. The product looks like a fit for a small fixed-scope external operator test.

Offer: I can do one USD 100 pass and send back a concise report covering:
- onboarding and first workflow friction
- docs/API clarity from a technical operator perspective
- edge cases and failure states worth testing
- one practical checklist you can reuse with early users

I will stay within public/demo flows unless you explicitly provide a sandbox. No production probing or noisy security testing.

Proof/profile:
https://aldorizona10-glitch.github.io/quickops-ai/profile/
https://aldorizona10-glitch.github.io/quickops-ai/landing/#services
https://aldorizona10-glitch.github.io/quickops-ai/security-audit/
https://aldorizona10-glitch.github.io/quickops-ai/start/index.html

Context I found: https://news.ycombinator.com/item?id=48431928

Best,
Aldo
","If contact exists, review draft and send one specific offer. If only contact URL exists, use form manually."
hacker_news,HN Show HN product feedback,Show HN: I made an ad-free game collection for my grandparents,https://stiuvou.ch/grandpagames/,https://news.ycombinator.com/item?id=48444267,2026-06-08T12:02:55Z,35,auto_discover_auto_draft_manual_send,USD 50-100 paid feedback/testing/workflow offer if public contact exists,Send only if contact is public and relevant; no spam; no account/KYC bypass,,,Show HN - practical workflow/testing pass,"Hi,

I saw your Show HN: I made an ad-free game collection for my grandparents. The product looks like a fit for a small fixed-scope external operator test.

Offer: I can do one USD 100 pass and send back a concise report covering:
- onboarding and first workflow friction
- docs/API clarity from a technical operator perspective
- edge cases and failure states worth testing
- one practical checklist you can reuse with early users

I will stay within public/demo flows unless you explicitly provide a sandbox. No production probing or noisy security testing.

Proof/profile:
https://aldorizona10-glitch.github.io/quickops-ai/profile/
https://aldorizona10-glitch.github.io/quickops-ai/landing/#services
https://aldorizona10-glitch.github.io/quickops-ai/security-audit/
https://aldorizona10-glitch.github.io/quickops-ai/start/index.html

Context I found: https://news.ycombinator.com/item?id=48444267

Best,
Aldo
","If contact exists, review draft and send one specific offer. If only contact URL exists, use form manually."
hacker_news,HN Show HN product feedback,Show HN: Cordium – FOSS self-hosted sandbox platform alt. Codespaces/E2B/Daytona,https://github.com/octelium/cordium,https://news.ycombinator.com/item?id=48433738,2026-06-07T11:13:29Z,35,auto_discover_auto_draft_manual_send,USD 50-100 paid feedback/testing/workflow offer if public contact exists,Send only if contact is public and relevant; no spam; no account/KYC bypass,,,Show HN - practical workflow/testing pass,"Hi,

I saw your Show HN: Cordium – FOSS self-hosted sandbox platform alt. Codespaces/E2B/Daytona. The product looks like a fit for a small fixed-scope external operator test.

Offer: I can do one USD 100 pass and send back a concise report covering:
- onboarding and first workflow friction
- docs/API clarity from a technical operator perspective
- edge cases and failure states worth testing
- one practical checklist you can reuse with early users

I will stay within public/demo flows unless you explicitly provide a sandbox. No production probing or noisy security testing.

Proof/profile:
https://aldorizona10-glitch.github.io/quickops-ai/profile/
https://aldorizona10-glitch.github.io/quickops-ai/landing/#services
https://aldorizona10-glitch.github.io/quickops-ai/security-audit/
https://aldorizona10-glitch.github.io/quickops-ai/start/index.html

Context I found: https://news.ycombinator.com/item?id=48433738

Best,
Aldo
","If contact exists, review draft and send one specific offer. If only contact URL exists, use form manually."
hacker_news,HN Show HN testing buyer,Show HN: strangeClaw – a self-hosted agent running inside a Firecracker microVM,https://github.com/itsthestranger/strangeClaw,https://news.ycombinator.com/item?id=48478320,2026-06-10T15:59:15Z,35,auto_discover_auto_draft_manual_send,USD 50-100 paid feedback/testing/workflow offer if public contact exists,Send only if contact is public and relevant; no spam; no account/KYC bypass,,,Show HN - AI workflow testing pass,"Hi,

I saw your Show HN: strangeClaw – a self-hosted agent running inside a Firecracker microVM. The product looks like a fit for a small fixed-scope external operator test.

Offer: I can do one USD 100 pass and send back a concise report covering:
- onboarding and first workflow friction
- docs/API clarity from a technical operator perspective
- edge cases and failure states worth testing
- one practical checklist you can reuse with early users

I will stay within public/demo flows unless you explicitly provide a sandbox. No production probing or noisy security testing.

Proof/profile:
https://aldorizona10-glitch.github.io/quickops-ai/profile/
https://aldorizona10-glitch.github.io/quickops-ai/landing/#services
https://aldorizona10-glitch.github.io/quickops-ai/security-audit/
https://aldorizona10-glitch.github.io/quickops-ai/start/index.html

Context I found: https://news.ycombinator.com/item?id=48478320

Best,
Aldo
","If contact exists, review draft and send one specific offer. If only contact URL exists, use form manually."
hacker_news,HN Show HN technical tester,Show HN: EzziwebTools – A collection of 30 free tools,https://ezziwebtools.com,https://news.ycombinator.com/item?id=48489235,2026-06-11T12:05:49Z,35,auto_discover_auto_draft_manual_send,USD 50-100 paid feedback/testing/workflow offer if public contact exists,Send only if contact is public and relevant; no spam; no account/KYC bypass,,,Show HN - practical workflow/testing pass,"Hi,

I saw your Show HN: EzziwebTools – A collection of 30 free tools. The product looks like a fit for a small fixed-scope external operator test.

Offer: I can do one USD 100 pass and send back a concise report covering:
- onboarding and first workflow friction
- docs/API clarity from a technical operator perspective
- edge cases and failure states worth testing
- one practical checklist you can reuse with early users

I will stay within public/demo flows unless you explicitly provide a sandbox. No production probing or noisy security testing.

Proof/profile:
https://aldorizona10-glitch.github.io/quickops-ai/profile/
https://aldorizona10-glitch.github.io/quickops-ai/landing/#services
https://aldorizona10-glitch.github.io/quickops-ai/security-audit/
https://aldorizona10-glitch.github.io/quickops-ai/start/index.html

Context I found: https://news.ycombinator.com/item?id=48489235

Best,
Aldo
","If contact exists, review draft and send one specific offer. If only contact URL exists, use form manually."
hacker_news,HN Show HN technical tester,Show HN: ATS Glyph – open-source ATS-style resume simulator for job seekers,https://github.com/ste1v0/atsglyph,https://news.ycombinator.com/item?id=48488164,2026-06-11T09:31:53Z,35,auto_discover_auto_draft_manual_send,USD 50-100 paid feedback/testing/workflow offer if public contact exists,Send only if contact is public and relevant; no spam; no account/KYC bypass,,,Show HN - practical workflow/testing pass,"Hi,

I saw your Show HN: ATS Glyph – open-source ATS-style resume simulator for job seekers. The product looks like a fit for a small fixed-scope external operator test.

Offer: I can do one USD 100 pass and send back a concise report covering:
- onboarding and first workflow friction
- docs/API clarity from a technical operator perspective
- edge cases and failure states worth testing
- one practical checklist you can reuse with early users

I will stay within public/demo flows unless you explicitly provide a sandbox. No production probing or noisy security testing.

Proof/profile:
https://aldorizona10-glitch.github.io/quickops-ai/profile/
https://aldorizona10-glitch.github.io/quickops-ai/landing/#services
https://aldorizona10-glitch.github.io/quickops-ai/security-audit/
https://aldorizona10-glitch.github.io/quickops-ai/start/index.html

Context I found: https://news.ycombinator.com/item?id=48488164

Best,
Aldo
","If contact exists, review draft and send one specific offer. If only contact URL exists, use form manually."
hacker_news,HN Show HN technical tester,Ask HN: What is your (AI) dev tech stack / workflow?,https://news.ycombinator.com/item?id=48413629,https://news.ycombinator.com/item?id=48413629,2026-06-05T15:13:54Z,35,auto_discover_auto_draft_manual_send,USD 50-100 paid feedback/testing/workflow offer if public contact exists,Send only if contact is public and relevant; no spam; no account/KYC bypass,,,Show HN - practical workflow/testing pass,"Hi,

I saw your Ask HN: What is your (AI) dev tech stack / workflow?. The product looks like a fit for a small fixed-scope external operator test.

Offer: I can do one USD 100 pass and send back a concise report covering:
- onboarding and first workflow friction
- docs/API clarity from a technical operator perspective
- edge cases and failure states worth testing
- one practical checklist you can reuse with early users

I will stay within public/demo flows unless you explicitly provide a sandbox. No production probing or noisy security testing.

Proof/profile:
https://aldorizona10-glitch.github.io/quickops-ai/profile/
https://aldorizona10-glitch.github.io/quickops-ai/landing/#services
https://aldorizona10-glitch.github.io/quickops-ai/security-audit/
https://aldorizona10-glitch.github.io/quickops-ai/start/index.html

Context I found: https://news.ycombinator.com/item?id=48413629

Best,
Aldo
","If contact exists, review draft and send one specific offer. If only contact URL exists, use form manually."
hacker_news,HN Show HN technical tester,"Show HN: Parseflow, how to parse documents when you're broke",https://docs.parseflow.tech/,https://news.ycombinator.com/item?id=48224866,2026-05-21T15:56:01Z,35,auto_discover_auto_draft_manual_send,USD 50-100 paid feedback/testing/workflow offer if public contact exists,Send only if contact is public and relevant; no spam; no account/KYC bypass,,,Show HN - practical workflow/testing pass,"Hi,

I saw your Show HN: Parseflow, how to parse documents when you're broke. The product looks like a fit for a small fixed-scope external operator test.

Offer: I can do one USD 100 pass and send back a concise report covering:
- onboarding and first workflow friction
- docs/API clarity from a technical operator perspective
- edge cases and failure states worth testing
- one practical checklist you can reuse with early users

I will stay within public/demo flows unless you explicitly provide a sandbox. No production probing or noisy security testing.

Proof/profile:
https://aldorizona10-glitch.github.io/quickops-ai/profile/
https://aldorizona10-glitch.github.io/quickops-ai/landing/#services
https://aldorizona10-glitch.github.io/quickops-ai/security-audit/
https://aldorizona10-glitch.github.io/quickops-ai/start/index.html

Context I found: https://news.ycombinator.com/item?id=48224866

Best,
Aldo
","If contact exists, review draft and send one specific offer. If only contact URL exists, use form manually."
hacker_news,HN Show HN technical tester,Show HN: Pockli – I needed a better iOS scanning app,https://pockli.com/,https://news.ycombinator.com/item?id=48162991,2026-05-16T19:23:46Z,35,auto_discover_auto_draft_manual_send,USD 50-100 paid feedback/testing/workflow offer if public contact exists,Send only if contact is public and relevant; no spam; no account/KYC bypass,,,Show HN - practical workflow/testing pass,"Hi,

I saw your Show HN: Pockli – I needed a better iOS scanning app. The product looks like a fit for a small fixed-scope external operator test.

Offer: I can do one USD 100 pass and send back a concise report covering:
- onboarding and first workflow friction
- docs/API clarity from a technical operator perspective
- edge cases and failure states worth testing
- one practical checklist you can reuse with early users

I will stay within public/demo flows unless you explicitly provide a sandbox. No production probing or noisy security testing.

Proof/profile:
https://aldorizona10-glitch.github.io/quickops-ai/profile/
https://aldorizona10-glitch.github.io/quickops-ai/landing/#services
https://aldorizona10-glitch.github.io/quickops-ai/security-audit/
https://aldorizona10-glitch.github.io/quickops-ai/start/index.html

Context I found: https://news.ycombinator.com/item?id=48162991

Best,
Aldo
","If contact exists, review draft and send one specific offer. If only contact URL exists, use form manually."
hacker_news,HN Show HN product feedback,"Show HN: Circus Chief – Claude Code, Codex, and Gemini from Your Phone",https://github.com/ferrislucas/Circus-Chief,https://news.ycombinator.com/item?id=48370360,2026-06-02T13:59:56Z,30,auto_discover_auto_draft_manual_send,USD 50-100 paid feedback/testing/workflow offer if public contact exists,Send only if contact is public and relevant; no spam; no account/KYC bypass,,,Show HN - practical workflow/testing pass,"Hi,

I saw your Show HN: Circus Chief – Claude Code, Codex, and Gemini from Your Phone. The product looks like a fit for a small fixed-scope external operator test.

Offer: I can do one USD 100 pass and send back a concise report covering:
- onboarding and first workflow friction
- docs/API clarity from a technical operator perspective
- edge cases and failure states worth testing
- one practical checklist you can reuse with early users

I will stay within public/demo flows unless you explicitly provide a sandbox. No production probing or noisy security testing.

Proof/profile:
https://aldorizona10-glitch.github.io/quickops-ai/profile/
https://aldorizona10-glitch.github.io/quickops-ai/landing/#services
https://aldorizona10-glitch.github.io/quickops-ai/security-audit/
https://aldorizona10-glitch.github.io/quickops-ai/start/index.html

Context I found: https://news.ycombinator.com/item?id=48370360

Best,
Aldo
","If contact exists, review draft and send one specific offer. If only contact URL exists, use form manually."
hacker_news,HN Show HN workflow buyer,"Show HN: Praxis – AWS infrastructure automation, without the complexity",https://github.com/shirvan/praxis,https://news.ycombinator.com/item?id=48495037,2026-06-11T19:11:31Z,30,auto_discover_auto_draft_manual_send,USD 50-100 paid feedback/testing/workflow offer if public contact exists,Send only if contact is public and relevant; no spam; no account/KYC bypass,,,Show HN - AI workflow testing pass,"Hi,

I saw your Show HN: Praxis – AWS infrastructure automation, without the complexity. The product looks like a fit for a small fixed-scope external operator test.

Offer: I can do one USD 100 pass and send back a concise report covering:
- onboarding and first workflow friction
- docs/API clarity from a technical operator perspective
- edge cases and failure states worth testing
- one practical checklist you can reuse with early users

I will stay within public/demo flows unless you explicitly provide a sandbox. No production probing or noisy security testing.

Proof/profile:
https://aldorizona10-glitch.github.io/quickops-ai/profile/
https://aldorizona10-glitch.github.io/quickops-ai/landing/#services
https://aldorizona10-glitch.github.io/quickops-ai/security-audit/
https://aldorizona10-glitch.github.io/quickops-ai/start/index.html

Context I found: https://news.ycombinator.com/item?id=48495037

Best,
Aldo
","If contact exists, review draft and send one specific offer. If only contact URL exists, use form manually."
hacker_news,HN Show HN testing buyer,Show HN: HelixDB – A graph database built on object storage,https://github.com/HelixDB/helix-db/tree/main,https://news.ycombinator.com/item?id=48478148,2026-06-10T15:47:31Z,30,auto_discover_auto_draft_manual_send,USD 50-100 paid feedback/testing/workflow offer if public contact exists,Send only if contact is public and relevant; no spam; no account/KYC bypass,,,Show HN - practical workflow/testing pass,"Hi,

I saw your Show HN: HelixDB – A graph database built on object storage. The product looks like a fit for a small fixed-scope external operator test.

Offer: I can do one USD 100 pass and send back a concise report covering:
- onboarding and first workflow friction
- docs/API clarity from a technical operator perspective
- edge cases and failure states worth testing
- one practical checklist you can reuse with early users

I will stay within public/demo flows unless you explicitly provide a sandbox. No production probing or noisy security testing.

Proof/profile:
https://aldorizona10-glitch.github.io/quickops-ai/profile/
https://aldorizona10-glitch.github.io/quickops-ai/landing/#services
https://aldorizona10-glitch.github.io/quickops-ai/security-audit/
https://aldorizona10-glitch.github.io/quickops-ai/start/index.html

Context I found: https://news.ycombinator.com/item?id=48478148

Best,
Aldo
","If contact exists, review draft and send one specific offer. If only contact URL exists, use form manually."
hacker_news,HN Show HN product feedback,Ask HN: How are you designing human review for production AI agents?,https://news.ycombinator.com/item?id=48510369,https://news.ycombinator.com/item?id=48510369,2026-06-12T22:58:31Z,25,auto_discover_auto_draft_manual_send,USD 50-100 paid feedback/testing/workflow offer if public contact exists,Send only if contact is public and relevant; no spam; no account/KYC bypass,,,Show HN - e-signature workflow testing pass,"Hi,

I saw your Ask HN: How are you designing human review for production AI agents?. The product looks like a fit for a small fixed-scope external operator test.

Offer: I can do one USD 100 pass and send back a concise report covering:
- onboarding and first workflow friction
- docs/API clarity from a technical operator perspective
- edge cases and failure states worth testing
- one practical checklist you can reuse with early users

I will stay within public/demo flows unless you explicitly provide a sandbox. No production probing or noisy security testing.

Proof/profile:
https://aldorizona10-glitch.github.io/quickops-ai/profile/
https://aldorizona10-glitch.github.io/quickops-ai/landing/#services
https://aldorizona10-glitch.github.io/quickops-ai/security-audit/
https://aldorizona10-glitch.github.io/quickops-ai/start/index.html

Context I found: https://news.ycombinator.com/item?id=48510369

Best,
Aldo
","If contact exists, review draft and send one specific offer. If only contact URL exists, use form manually."
hacker_news,HN Show HN workflow buyer,"Show HN: Sentinel Den – Zero-back end, on-device iOS security SDKs",https://sentinelden.com/,https://news.ycombinator.com/item?id=48500042,2026-06-12T04:48:09Z,25,auto_discover_auto_draft_manual_send,USD 50-100 paid feedback/testing/workflow offer if public contact exists,Send only if contact is public and relevant; no spam; no account/KYC bypass,,,Show HN - practical workflow/testing pass,"Hi,

I saw your Show HN: Sentinel Den – Zero-back end, on-device iOS security SDKs. The product looks like a fit for a small fixed-scope external operator test.

Offer: I can do one USD 100 pass and send back a concise report covering:
- onboarding and first workflow friction
- docs/API clarity from a technical operator perspective
- edge cases and failure states worth testing
- one practical checklist you can reuse with early users

I will stay within public/demo flows unless you explicitly provide a sandbox. No production probing or noisy security testing.

Proof/profile:
https://aldorizona10-glitch.github.io/quickops-ai/profile/
https://aldorizona10-glitch.github.io/quickops-ai/landing/#services
https://aldorizona10-glitch.github.io/quickops-ai/security-audit/
https://aldorizona10-glitch.github.io/quickops-ai/start/index.html

Context I found: https://news.ycombinator.com/item?id=48500042

Best,
Aldo
","If contact exists, review draft and send one specific offer. If only contact URL exists, use form manually."
hacker_news,HN Show HN workflow buyer,Show HN: Athenic – Why you can't do data analysis with Claude,https://www.athenic.com:443/,https://news.ycombinator.com/item?id=48480928,2026-06-10T18:50:27Z,25,auto_discover_auto_draft_manual_send,USD 50-100 paid feedback/testing/workflow offer if public contact exists,Send only if contact is public and relevant; no spam; no account/KYC bypass,,,Show HN - practical workflow/testing pass,"Hi,

I saw your Show HN: Athenic – Why you can't do data analysis with Claude. The product looks like a fit for a small fixed-scope external operator test.

Offer: I can do one USD 100 pass and send back a concise report covering:
- onboarding and first workflow friction
- docs/API clarity from a technical operator perspective
- edge cases and failure states worth testing
- one practical checklist you can reuse with early users

I will stay within public/demo flows unless you explicitly provide a sandbox. No production probing or noisy security testing.

Proof/profile:
https://aldorizona10-glitch.github.io/quickops-ai/profile/
https://aldorizona10-glitch.github.io/quickops-ai/landing/#services
https://aldorizona10-glitch.github.io/quickops-ai/security-audit/
https://aldorizona10-glitch.github.io/quickops-ai/start/index.html

Context I found: https://news.ycombinator.com/item?id=48480928

Best,
Aldo
","If contact exists, review draft and send one specific offer. If only contact URL exists, use form manually."
hacker_news,HN Show HN workflow buyer,"Show HN: I revived Scoragora, a World Cup prediction game",https://scoragora.com/,https://news.ycombinator.com/item?id=48444145,2026-06-08T11:48:49Z,25,auto_discover_auto_draft_manual_send,USD 50-100 paid feedback/testing/workflow offer if public contact exists,Send only if contact is public and relevant; no spam; no account/KYC bypass,,,Show HN - practical workflow/testing pass,"Hi,

I saw your Show HN: I revived Scoragora, a World Cup prediction game. The product looks like a fit for a small fixed-scope external operator test.

Offer: I can do one USD 100 pass and send back a concise report covering:
- onboarding and first workflow friction
- docs/API clarity from a technical operator perspective
- edge cases and failure states worth testing
- one practical checklist you can reuse with early users

I will stay within public/demo flows unless you explicitly provide a sandbox. No production probing or noisy security testing.

Proof/profile:
https://aldorizona10-glitch.github.io/quickops-ai/profile/
https://aldorizona10-glitch.github.io/quickops-ai/landing/#services
https://aldorizona10-glitch.github.io/quickops-ai/security-audit/
https://aldorizona10-glitch.github.io/quickops-ai/start/index.html

Context I found: https://news.ycombinator.com/item?id=48444145

Best,
Aldo
","If contact exists, review draft and send one specific offer. If only contact URL exists, use form manually."
hacker_news,HN Show HN testing buyer,"Show HN: Data-review, diff the data/numbers a PR changes",https://github.com/10fra/data-review,https://news.ycombinator.com/item?id=48531208,2026-06-14T18:58:02Z,25,auto_discover_auto_draft_manual_send,USD 50-100 paid feedback/testing/workflow offer if public contact exists,Send only if contact is public and relevant; no spam; no account/KYC bypass,,,Show HN - practical workflow/testing pass,"Hi,

I saw your Show HN: Data-review, diff the data/numbers a PR changes. The product looks like a fit for a small fixed-scope external operator test.

Offer: I can do one USD 100 pass and send back a concise report covering:
- onboarding and first workflow friction
- docs/API clarity from a technical operator perspective
- edge cases and failure states worth testing
- one practical checklist you can reuse with early users

I will stay within public/demo flows unless you explicitly provide a sandbox. No production probing or noisy security testing.

Proof/profile:
https://aldorizona10-glitch.github.io/quickops-ai/profile/
https://aldorizona10-glitch.github.io/quickops-ai/landing/#services
https://aldorizona10-glitch.github.io/quickops-ai/security-audit/
https://aldorizona10-glitch.github.io/quickops-ai/start/index.html

Context I found: https://news.ycombinator.com/item?id=48531208

Best,
Aldo
","If contact exists, review draft and send one specific offer. If only contact URL exists, use form manually."
hacker_news,HN Show HN testing buyer,Ask HN: Is anyone building real software with AI agents?,https://news.ycombinator.com/item?id=48528665,https://news.ycombinator.com/item?id=48528665,2026-06-14T15:56:52Z,25,auto_discover_auto_draft_manual_send,USD 50-100 paid feedback/testing/workflow offer if public contact exists,Send only if contact is public and relevant; no spam; no account/KYC bypass,,,Show HN - AI workflow testing pass,"Hi,

I saw your Ask HN: Is anyone building real software with AI agents?. The product looks like a fit for a small fixed-scope external operator test.

Offer: I can do one USD 100 pass and send back a concise report covering:
- onboarding and first workflow friction
- docs/API clarity from a technical operator perspective
- edge cases and failure states worth testing
- one practical checklist you can reuse with early users

I will stay within public/demo flows unless you explicitly provide a sandbox. No production probing or noisy security testing.

Proof/profile:
https://aldorizona10-glitch.github.io/quickops-ai/profile/
https://aldorizona10-glitch.github.io/quickops-ai/landing/#services
https://aldorizona10-glitch.github.io/quickops-ai/security-audit/
https://aldorizona10-glitch.github.io/quickops-ai/start/index.html

Context I found: https://news.ycombinator.com/item?id=48528665

Best,
Aldo
","If contact exists, review draft and send one specific offer. If only contact URL exists, use form manually."
hacker_news,HN Show HN testing buyer,Show HN: I am building a map of people who lived in the Roman Empire,https://new.roman-names.com/,https://news.ycombinator.com/item?id=48481400,2026-06-10T19:28:49Z,25,auto_discover_auto_draft_manual_send,USD 50-100 paid feedback/testing/workflow offer if public contact exists,Send only if contact is public and relevant; no spam; no account/KYC bypass,,,Show HN - practical workflow/testing pass,"Hi,

I saw your Show HN: I am building a map of people who lived in the Roman Empire. The product looks like a fit for a small fixed-scope external operator test.

Offer: I can do one USD 100 pass and send back a concise report covering:
- onboarding and first workflow friction
- docs/API clarity from a technical operator perspective
- edge cases and failure states worth testing
- one practical checklist you can reuse with early users

I will stay within public/demo flows unless you explicitly provide a sandbox. No production probing or noisy security testing.

Proof/profile:
https://aldorizona10-glitch.github.io/quickops-ai/profile/
https://aldorizona10-glitch.github.io/quickops-ai/landing/#services
https://aldorizona10-glitch.github.io/quickops-ai/security-audit/
https://aldorizona10-glitch.github.io/quickops-ai/start/index.html

Context I found: https://news.ycombinator.com/item?id=48481400

Best,
Aldo
","If contact exists, review draft and send one specific offer. If only contact URL exists, use form manually."
hacker_news,HN Show HN testing buyer,Show HN: Atlasphere – Live Infrastructure Diagrams,https://news.ycombinator.com/item?id=48460286,https://news.ycombinator.com/item?id=48460286,2026-06-09T12:35:01Z,25,auto_discover_auto_draft_manual_send,USD 50-100 paid feedback/testing/workflow offer if public contact exists,Send only if contact is public and relevant; no spam; no account/KYC bypass,,,Show HN - practical workflow/testing pass,"Hi,

I saw your Show HN: Atlasphere – Live Infrastructure Diagrams. The product looks like a fit for a small fixed-scope external operator test.

Offer: I can do one USD 100 pass and send back a concise report covering:
- onboarding and first workflow friction
- docs/API clarity from a technical operator perspective
- edge cases and failure states worth testing
- one practical checklist you can reuse with early users

I will stay within public/demo flows unless you explicitly provide a sandbox. No production probing or noisy security testing.

Proof/profile:
https://aldorizona10-glitch.github.io/quickops-ai/profile/
https://aldorizona10-glitch.github.io/quickops-ai/landing/#services
https://aldorizona10-glitch.github.io/quickops-ai/security-audit/
https://aldorizona10-glitch.github.io/quickops-ai/start/index.html

Context I found: https://news.ycombinator.com/item?id=48460286

Best,
Aldo
","If contact exists, review draft and send one specific offer. If only contact URL exists, use form manually."
hacker_news,HN Show HN product feedback,"Show HN: Local-first history, search, and analytics for Claude Code and Codex",https://github.com/sudomichael/agentgraphed,https://news.ycombinator.com/item?id=48462489,2026-06-09T15:35:07Z,20,auto_discover_auto_draft_manual_send,USD 50-100 paid feedback/testing/workflow offer if public contact exists,Send only if contact is public and relevant; no spam; no account/KYC bypass,,,Show HN - practical workflow/testing pass,"Hi,

I saw your Show HN: Local-first history, search, and analytics for Claude Code and Codex. The product looks like a fit for a small fixed-scope external operator test.

Offer: I can do one USD 100 pass and send back a concise report covering:
- onboarding and first workflow friction
- docs/API clarity from a technical operator perspective
- edge cases and failure states worth testing
- one practical checklist you can reuse with early users

I will stay within public/demo flows unless you explicitly provide a sandbox. No production probing or noisy security testing.

Proof/profile:
https://aldorizona10-glitch.github.io/quickops-ai/profile/
https://aldorizona10-glitch.github.io/quickops-ai/landing/#services
https://aldorizona10-glitch.github.io/quickops-ai/security-audit/
https://aldorizona10-glitch.github.io/quickops-ai/start/index.html

Context I found: https://news.ycombinator.com/item?id=48462489

Best,
Aldo
","If contact exists, review draft and send one specific offer. If only contact URL exists, use form manually."
hacker_news,HN Show HN workflow buyer,Show HN: Afterburner – Capability-Sandboxed JavaScript/TS Runtime in Rust,https://github.com/afterburner-sh/afterburner,https://news.ycombinator.com/item?id=48526827,2026-06-14T13:01:12Z,15,auto_discover_auto_draft_manual_send,USD 50-100 paid feedback/testing/workflow offer if public contact exists,Send only if contact is public and relevant; no spam; no account/KYC bypass,,,Show HN - practical workflow/testing pass,"Hi,

I saw your Show HN: Afterburner – Capability-Sandboxed JavaScript/TS Runtime in Rust. The product looks like a fit for a small fixed-scope external operator test.

Offer: I can do one USD 100 pass and send back a concise report covering:
- onboarding and first workflow friction
- docs/API clarity from a technical operator perspective
- edge cases and failure states worth testing
- one practical checklist you can reuse with early users

I will stay within public/demo flows unless you explicitly provide a sandbox. No production probing or noisy security testing.

Proof/profile:
https://aldorizona10-glitch.github.io/quickops-ai/profile/
https://aldorizona10-glitch.github.io/quickops-ai/landing/#services
https://aldorizona10-glitch.github.io/quickops-ai/security-audit/
https://aldorizona10-glitch.github.io/quickops-ai/start/index.html

Context I found: https://news.ycombinator.com/item?id=48526827

Best,
Aldo
","If contact exists, review draft and send one specific offer. If only contact URL exists, use form manually."
hacker_news,HN Show HN testing buyer,Show HN: Sabela – A Reactive Notebook for Haskell,https://sabela.datahaskell.com/,https://news.ycombinator.com/item?id=48525340,2026-06-14T08:33:22Z,15,auto_discover_auto_draft_manual_send,USD 50-100 paid feedback/testing/workflow offer if public contact exists,Send only if contact is public and relevant; no spam; no account/KYC bypass,,,Show HN - practical workflow/testing pass,"Hi,

I saw your Show HN: Sabela – A Reactive Notebook for Haskell. The product looks like a fit for a small fixed-scope external operator test.

Offer: I can do one USD 100 pass and send back a concise report covering:
- onboarding and first workflow friction
- docs/API clarity from a technical operator perspective
- edge cases and failure states worth testing
- one practical checklist you can reuse with early users

I will stay within public/demo flows unless you explicitly provide a sandbox. No production probing or noisy security testing.

Proof/profile:
https://aldorizona10-glitch.github.io/quickops-ai/profile/
https://aldorizona10-glitch.github.io/quickops-ai/landing/#services
https://aldorizona10-glitch.github.io/quickops-ai/security-audit/
https://aldorizona10-glitch.github.io/quickops-ai/start/index.html

Context I found: https://news.ycombinator.com/item?id=48525340

Best,
Aldo
","If contact exists, review draft and send one specific offer. If only contact URL exists, use form manually."
github,Open-source paid bounty,Monkestation/Vanderlin: Bounties,https://github.com/Monkestation/Vanderlin/issues/6733,https://github.com/Monkestation/Vanderlin/issues/6733,2026-06-14T02:36:43Z,10,auto_discover_manual_claim_auto_pr_possible,Bounty payment only after maintainer accepts/merges and pays,Must inspect duplicate attempts and payout rules before coding,,,,,"Open issue, check comments/claims, implement only if clean and bounty is explicit."
hacker_news,HN Show HN product feedback,Ask HN: How to deal with App Store rejections?,https://news.ycombinator.com/item?id=48515589,https://news.ycombinator.com/item?id=48515589,2026-06-13T10:13:31Z,10,auto_discover_auto_draft_manual_send,USD 50-100 paid feedback/testing/workflow offer if public contact exists,Send only if contact is public and relevant; no spam; no account/KYC bypass,,,Show HN - practical workflow/testing pass,"Hi,

I saw your Ask HN: How to deal with App Store rejections?. The product looks like a fit for a small fixed-scope external operator test.

Offer: I can do one USD 100 pass and send back a concise report covering:
- onboarding and first workflow friction
- docs/API clarity from a technical operator perspective
- edge cases and failure states worth testing
- one practical checklist you can reuse with early users

I will stay within public/demo flows unless you explicitly provide a sandbox. No production probing or noisy security testing.

Proof/profile:
https://aldorizona10-glitch.github.io/quickops-ai/profile/
https://aldorizona10-glitch.github.io/quickops-ai/landing/#services
https://aldorizona10-glitch.github.io/quickops-ai/security-audit/
https://aldorizona10-glitch.github.io/quickops-ai/start/index.html

Context I found: https://news.ycombinator.com/item?id=48515589

Best,
Aldo
","If contact exists, review draft and send one specific offer. If only contact URL exists, use form manually."
hacker_news,HN Show HN product feedback,Show HN: Interact with your .eml files using MCP tools,https://github.com/MiguelRipoll23/eml-mcp,https://news.ycombinator.com/item?id=48416129,2026-06-05T18:08:20Z,10,auto_discover_auto_draft_manual_send,USD 50-100 paid feedback/testing/workflow offer if public contact exists,Send only if contact is public and relevant; no spam; no account/KYC bypass,,,Show HN - practical workflow/testing pass,"Hi,

I saw your Show HN: Interact with your .eml files using MCP tools. The product looks like a fit for a small fixed-scope external operator test.

Offer: I can do one USD 100 pass and send back a concise report covering:
- onboarding and first workflow friction
- docs/API clarity from a technical operator perspective
- edge cases and failure states worth testing
- one practical checklist you can reuse with early users

I will stay within public/demo flows unless you explicitly provide a sandbox. No production probing or noisy security testing.

Proof/profile:
https://aldorizona10-glitch.github.io/quickops-ai/profile/
https://aldorizona10-glitch.github.io/quickops-ai/landing/#services
https://aldorizona10-glitch.github.io/quickops-ai/security-audit/
https://aldorizona10-glitch.github.io/quickops-ai/start/index.html

Context I found: https://news.ycombinator.com/item?id=48416129

Best,
Aldo
","If contact exists, review draft and send one specific offer. If only contact URL exists, use form manually."
hacker_news,HN Show HN product feedback,Show HN: Agents Remember – Git-aware memory for coding agents,https://github.com/Foxfire1st/agents-remember-md,https://news.ycombinator.com/item?id=48413877,2026-06-05T15:29:49Z,10,auto_discover_auto_draft_manual_send,USD 50-100 paid feedback/testing/workflow offer if public contact exists,Send only if contact is public and relevant; no spam; no account/KYC bypass,,,Show HN - AI workflow testing pass,"Hi,

I saw your Show HN: Agents Remember – Git-aware memory for coding agents. The product looks like a fit for a small fixed-scope external operator test.

Offer: I can do one USD 100 pass and send back a concise report covering:
- onboarding and first workflow friction
- docs/API clarity from a technical operator perspective
- edge cases and failure states worth testing
- one practical checklist you can reuse with early users

I will stay within public/demo flows unless you explicitly provide a sandbox. No production probing or noisy security testing.

Proof/profile:
https://aldorizona10-glitch.github.io/quickops-ai/profile/
https://aldorizona10-glitch.github.io/quickops-ai/landing/#services
https://aldorizona10-glitch.github.io/quickops-ai/security-audit/
https://aldorizona10-glitch.github.io/quickops-ai/start/index.html

Context I found: https://news.ycombinator.com/item?id=48413877

Best,
Aldo
","If contact exists, review draft and send one specific offer. If only contact URL exists, use form manually."
hacker_news,HN Show HN product feedback,Show HN: Moxie Docs – Automatic codebase documentation and MCP,https://moxiedocs.com,https://news.ycombinator.com/item?id=48387515,2026-06-03T18:07:17Z,10,auto_discover_auto_draft_manual_send,USD 50-100 paid feedback/testing/workflow offer if public contact exists,Send only if contact is public and relevant; no spam; no account/KYC bypass,,,Show HN - practical workflow/testing pass,"Hi,

I saw your Show HN: Moxie Docs – Automatic codebase documentation and MCP. The product looks like a fit for a small fixed-scope external operator test.

Offer: I can do one USD 100 pass and send back a concise report covering:
- onboarding and first workflow friction
- docs/API clarity from a technical operator perspective
- edge cases and failure states worth testing
- one practical checklist you can reuse with early users

I will stay within public/demo flows unless you explicitly provide a sandbox. No production probing or noisy security testing.

Proof/profile:
https://aldorizona10-glitch.github.io/quickops-ai/profile/
https://aldorizona10-glitch.github.io/quickops-ai/landing/#services
https://aldorizona10-glitch.github.io/quickops-ai/security-audit/
https://aldorizona10-glitch.github.io/quickops-ai/start/index.html

Context I found: https://news.ycombinator.com/item?id=48387515

Best,
Aldo
","If contact exists, review draft and send one specific offer. If only contact URL exists, use form manually."
hacker_news,HN Show HN product feedback,Show HN: Carto – structural intelligence for AI coding agents (OSS),https://github.com/theanshsonkar/carto,https://news.ycombinator.com/item?id=48380183,2026-06-03T05:16:25Z,10,auto_discover_auto_draft_manual_send,USD 50-100 paid feedback/testing/workflow offer if public contact exists,Send only if contact is public and relevant; no spam; no account/KYC bypass,,,Show HN - AI workflow testing pass,"Hi,

I saw your Show HN: Carto – structural intelligence for AI coding agents (OSS). The product looks like a fit for a small fixed-scope external operator test.

Offer: I can do one USD 100 pass and send back a concise report covering:
- onboarding and first workflow friction
- docs/API clarity from a technical operator perspective
- edge cases and failure states worth testing
- one practical checklist you can reuse with early users

I will stay within public/demo flows unless you explicitly provide a sandbox. No production probing or noisy security testing.

Proof/profile:
https://aldorizona10-glitch.github.io/quickops-ai/profile/
https://aldorizona10-glitch.github.io/quickops-ai/landing/#services
https://aldorizona10-glitch.github.io/quickops-ai/security-audit/
https://aldorizona10-glitch.github.io/quickops-ai/start/index.html

Context I found: https://news.ycombinator.com/item?id=48380183

Best,
Aldo
","If contact exists, review draft and send one specific offer. If only contact URL exists, use form manually."
hacker_news,HN Show HN workflow buyer,Show HN: TurboPrefill – Multi-GPU prefill acceleration for llama.cpp,https://github.com/sergey-automation/TurboPrefill,https://news.ycombinator.com/item?id=48390116,2026-06-03T21:10:23Z,10,auto_discover_auto_draft_manual_send,USD 50-100 paid feedback/testing/workflow offer if public contact exists,Send only if contact is public and relevant; no spam; no account/KYC bypass,,,Show HN - practical workflow/testing pass,"Hi,

I saw your Show HN: TurboPrefill – Multi-GPU prefill acceleration for llama.cpp. The product looks like a fit for a small fixed-scope external operator test.

Offer: I can do one USD 100 pass and send back a concise report covering:
- onboarding and first workflow friction
- docs/API clarity from a technical operator perspective
- edge cases and failure states worth testing
- one practical checklist you can reuse with early users

I will stay within public/demo flows unless you explicitly provide a sandbox. No production probing or noisy security testing.

Proof/profile:
https://aldorizona10-glitch.github.io/quickops-ai/profile/
https://aldorizona10-glitch.github.io/quickops-ai/landing/#services
https://aldorizona10-glitch.github.io/quickops-ai/security-audit/
https://aldorizona10-glitch.github.io/quickops-ai/start/index.html

Context I found: https://news.ycombinator.com/item?id=48390116

Best,
Aldo
","If contact exists, review draft and send one specific offer. If only contact URL exists, use form manually."
hacker_news,HN Show HN testing buyer,Show HN: Fable clone Google in 2hr but return TikTok-style video instead of text,https://www.bluhe.ai,https://news.ycombinator.com/item?id=48530421,2026-06-14T17:57:29Z,10,auto_discover_auto_draft_manual_send,USD 50-100 paid feedback/testing/workflow offer if public contact exists,Send only if contact is public and relevant; no spam; no account/KYC bypass,,,Show HN - practical workflow/testing pass,"Hi,

I saw your Show HN: Fable clone Google in 2hr but return TikTok-style video instead of text. The product looks like a fit for a small fixed-scope external operator test.

Offer: I can do one USD 100 pass and send back a concise report covering:
- onboarding and first workflow friction
- docs/API clarity from a technical operator perspective
- edge cases and failure states worth testing
- one practical checklist you can reuse with early users

I will stay within public/demo flows unless you explicitly provide a sandbox. No production probing or noisy security testing.

Proof/profile:
https://aldorizona10-glitch.github.io/quickops-ai/profile/
https://aldorizona10-glitch.github.io/quickops-ai/landing/#services
https://aldorizona10-glitch.github.io/quickops-ai/security-audit/
https://aldorizona10-glitch.github.io/quickops-ai/start/index.html

Context I found: https://news.ycombinator.com/item?id=48530421

Best,
Aldo
","If contact exists, review draft and send one specific offer. If only contact URL exists, use form manually."
hacker_news,HN Show HN testing buyer,"Show HN: Switcheroo-control-rs, a Linux hybrid graphics manager in Rust",https://github.com/LuMarans30/switcheroo-control-rs,https://news.ycombinator.com/item?id=48525499,2026-06-14T09:08:23Z,10,auto_discover_auto_draft_manual_send,USD 50-100 paid feedback/testing/workflow offer if public contact exists,Send only if contact is public and relevant; no spam; no account/KYC bypass,,,Show HN - practical workflow/testing pass,"Hi,

I saw your Show HN: Switcheroo-control-rs, a Linux hybrid graphics manager in Rust. The product looks like a fit for a small fixed-scope external operator test.

Offer: I can do one USD 100 pass and send back a concise report covering:
- onboarding and first workflow friction
- docs/API clarity from a technical operator perspective
- edge cases and failure states worth testing
- one practical checklist you can reuse with early users

I will stay within public/demo flows unless you explicitly provide a sandbox. No production probing or noisy security testing.

Proof/profile:
https://aldorizona10-glitch.github.io/quickops-ai/profile/
https://aldorizona10-glitch.github.io/quickops-ai/landing/#services
https://aldorizona10-glitch.github.io/quickops-ai/security-audit/
https://aldorizona10-glitch.github.io/quickops-ai/start/index.html

Context I found: https://news.ycombinator.com/item?id=48525499

Best,
Aldo
","If contact exists, review draft and send one specific offer. If only contact URL exists, use form manually."
hacker_news,HN Show HN testing buyer,Launch HN: BitBoard (YC P25) – Analytics Workspace for Agents,https://bitboard.work/,https://news.ycombinator.com/item?id=48506545,2026-06-12T16:58:03Z,10,auto_discover_auto_draft_manual_send,USD 50-100 paid feedback/testing/workflow offer if public contact exists,Send only if contact is public and relevant; no spam; no account/KYC bypass,,,Show HN - AI workflow testing pass,"Hi,

I saw your Launch HN: BitBoard (YC P25) – Analytics Workspace for Agents. The product looks like a fit for a small fixed-scope external operator test.

Offer: I can do one USD 100 pass and send back a concise report covering:
- onboarding and first workflow friction
- docs/API clarity from a technical operator perspective
- edge cases and failure states worth testing
- one practical checklist you can reuse with early users

I will stay within public/demo flows unless you explicitly provide a sandbox. No production probing or noisy security testing.

Proof/profile:
https://aldorizona10-glitch.github.io/quickops-ai/profile/
https://aldorizona10-glitch.github.io/quickops-ai/landing/#services
https://aldorizona10-glitch.github.io/quickops-ai/security-audit/
https://aldorizona10-glitch.github.io/quickops-ai/start/index.html

Context I found: https://news.ycombinator.com/item?id=48506545

Best,
Aldo
","If contact exists, review draft and send one specific offer. If only contact URL exists, use form manually."
hacker_news,HN Show HN testing buyer,Ask HN: How do you get into a flow state when using AI to code?,https://news.ycombinator.com/item?id=48492118,https://news.ycombinator.com/item?id=48492118,2026-06-11T15:56:25Z,10,auto_discover_auto_draft_manual_send,USD 50-100 paid feedback/testing/workflow offer if public contact exists,Send only if contact is public and relevant; no spam; no account/KYC bypass,,,Show HN - practical workflow/testing pass,"Hi,

I saw your Ask HN: How do you get into a flow state when using AI to code?. The product looks like a fit for a small fixed-scope external operator test.

Offer: I can do one USD 100 pass and send back a concise report covering:
- onboarding and first workflow friction
- docs/API clarity from a technical operator perspective
- edge cases and failure states worth testing
- one practical checklist you can reuse with early users

I will stay within public/demo flows unless you explicitly provide a sandbox. No production probing or noisy security testing.

Proof/profile:
https://aldorizona10-glitch.github.io/quickops-ai/profile/
https://aldorizona10-glitch.github.io/quickops-ai/landing/#services
https://aldorizona10-glitch.github.io/quickops-ai/security-audit/
https://aldorizona10-glitch.github.io/quickops-ai/start/index.html

Context I found: https://news.ycombinator.com/item?id=48492118

Best,
Aldo
","If contact exists, review draft and send one specific offer. If only contact URL exists, use form manually."
hacker_news,HN Show HN testing buyer,Show HN: 3D print Z reinforcement via injected loops,https://mgunlogson.github.io/magma/,https://news.ycombinator.com/item?id=48460762,2026-06-09T13:17:53Z,10,auto_discover_auto_draft_manual_send,USD 50-100 paid feedback/testing/workflow offer if public contact exists,Send only if contact is public and relevant; no spam; no account/KYC bypass,,,Show HN - practical workflow/testing pass,"Hi,

I saw your Show HN: 3D print Z reinforcement via injected loops. The product looks like a fit for a small fixed-scope external operator test.

Offer: I can do one USD 100 pass and send back a concise report covering:
- onboarding and first workflow friction
- docs/API clarity from a technical operator perspective
- edge cases and failure states worth testing
- one practical checklist you can reuse with early users

I will stay within public/demo flows unless you explicitly provide a sandbox. No production probing or noisy security testing.

Proof/profile:
https://aldorizona10-glitch.github.io/quickops-ai/profile/
https://aldorizona10-glitch.github.io/quickops-ai/landing/#services
https://aldorizona10-glitch.github.io/quickops-ai/security-audit/
https://aldorizona10-glitch.github.io/quickops-ai/start/index.html

Context I found: https://news.ycombinator.com/item?id=48460762

Best,
Aldo
","If contact exists, review draft and send one specific offer. If only contact URL exists, use form manually."
hacker_news,HN Show HN testing buyer,Show HN: Quick games disguised as boring spreadsheets,https://boredspreadsheet.com/workbook,https://news.ycombinator.com/item?id=48447238,2026-06-08T16:13:25Z,10,auto_discover_auto_draft_manual_send,USD 50-100 paid feedback/testing/workflow offer if public contact exists,Send only if contact is public and relevant; no spam; no account/KYC bypass,,,Show HN - practical workflow/testing pass,"Hi,

I saw your Show HN: Quick games disguised as boring spreadsheets. The product looks like a fit for a small fixed-scope external operator test.

Offer: I can do one USD 100 pass and send back a concise report covering:
- onboarding and first workflow friction
- docs/API clarity from a technical operator perspective
- edge cases and failure states worth testing
- one practical checklist you can reuse with early users

I will stay within public/demo flows unless you explicitly provide a sandbox. No production probing or noisy security testing.

Proof/profile:
https://aldorizona10-glitch.github.io/quickops-ai/profile/
https://aldorizona10-glitch.github.io/quickops-ai/landing/#services
https://aldorizona10-glitch.github.io/quickops-ai/security-audit/
https://aldorizona10-glitch.github.io/quickops-ai/start/index.html

Context I found: https://news.ycombinator.com/item?id=48447238

Best,
Aldo
","If contact exists, review draft and send one specific offer. If only contact URL exists, use form manually."
hacker_news,HN Show HN technical tester,Show HN: PDFPipe – HTML-to-PDF API with a playground you can try without sign up,https://pdfpipe.xyz,https://news.ycombinator.com/item?id=48488067,2026-06-11T09:17:47Z,10,auto_discover_auto_draft_manual_send,USD 50-100 paid feedback/testing/workflow offer if public contact exists,Send only if contact is public and relevant; no spam; no account/KYC bypass,,,Show HN - PDF workflow testing pass,"Hi,

I saw your Show HN: PDFPipe – HTML-to-PDF API with a playground you can try without sign up. The product looks like a fit for a small fixed-scope external operator test.

Offer: I can do one USD 100 pass and send back a concise report covering:
- onboarding and first workflow friction
- docs/API clarity from a technical operator perspective
- edge cases and failure states worth testing
- one practical checklist you can reuse with early users

I will stay within public/demo flows unless you explicitly provide a sandbox. No production probing or noisy security testing.

Proof/profile:
https://aldorizona10-glitch.github.io/quickops-ai/profile/
https://aldorizona10-glitch.github.io/quickops-ai/landing/#services
https://aldorizona10-glitch.github.io/quickops-ai/security-audit/
https://aldorizona10-glitch.github.io/quickops-ai/start/index.html

Context I found: https://news.ycombinator.com/item?id=48488067

Best,
Aldo
","If contact exists, review draft and send one specific offer. If only contact URL exists, use form manually."
hacker_news,HN Show HN technical tester,Turn a folder of PDFs into a live JSON API,https://parseapi.dev/blog/show-hn-folder-to-json-api,https://news.ycombinator.com/item?id=48330573,2026-05-29T23:11:30Z,10,auto_discover_auto_draft_manual_send,USD 50-100 paid feedback/testing/workflow offer if public contact exists,Send only if contact is public and relevant; no spam; no account/KYC bypass,,,Show HN - PDF workflow testing pass,"Hi,

I saw your Turn a folder of PDFs into a live JSON API. The product looks like a fit for a small fixed-scope external operator test.

Offer: I can do one USD 100 pass and send back a concise report covering:
- onboarding and first workflow friction
- docs/API clarity from a technical operator perspective
- edge cases and failure states worth testing
- one practical checklist you can reuse with early users

I will stay within public/demo flows unless you explicitly provide a sandbox. No production probing or noisy security testing.

Proof/profile:
https://aldorizona10-glitch.github.io/quickops-ai/profile/
https://aldorizona10-glitch.github.io/quickops-ai/landing/#services
https://aldorizona10-glitch.github.io/quickops-ai/security-audit/
https://aldorizona10-glitch.github.io/quickops-ai/start/index.html

Context I found: https://news.ycombinator.com/item?id=48330573

Best,
Aldo
","If contact exists, review draft and send one specific offer. If only contact URL exists, use form manually."
hacker_news,HN Show HN technical tester,Show HN: HeadlessPDF – An API for Generating PDFs from URLs,https://headlesspdf.com/,https://news.ycombinator.com/item?id=48234744,2026-05-22T12:08:04Z,10,auto_discover_auto_draft_manual_send,USD 50-100 paid feedback/testing/workflow offer if public contact exists,Send only if contact is public and relevant; no spam; no account/KYC bypass,,,Show HN - PDF workflow testing pass,"Hi,

I saw your Show HN: HeadlessPDF – An API for Generating PDFs from URLs. The product looks like a fit for a small fixed-scope external operator test.

Offer: I can do one USD 100 pass and send back a concise report covering:
- onboarding and first workflow friction
- docs/API clarity from a technical operator perspective
- edge cases and failure states worth testing
- one practical checklist you can reuse with early users

I will stay within public/demo flows unless you explicitly provide a sandbox. No production probing or noisy security testing.

Proof/profile:
https://aldorizona10-glitch.github.io/quickops-ai/profile/
https://aldorizona10-glitch.github.io/quickops-ai/landing/#services
https://aldorizona10-glitch.github.io/quickops-ai/security-audit/
https://aldorizona10-glitch.github.io/quickops-ai/start/index.html

Context I found: https://news.ycombinator.com/item?id=48234744

Best,
Aldo
","If contact exists, review draft and send one specific offer. If only contact URL exists, use form manually."
hacker_news,HN Show HN technical tester,"Show HN: SnapAPI – Screenshot, metadata extraction, and PDF generation API",https://snap.michaelcli.com,https://news.ycombinator.com/item?id=48217313,2026-05-21T03:00:44Z,10,auto_discover_auto_draft_manual_send,USD 50-100 paid feedback/testing/workflow offer if public contact exists,Send only if contact is public and relevant; no spam; no account/KYC bypass,,,Show HN - PDF workflow testing pass,"Hi,

I saw your Show HN: SnapAPI – Screenshot, metadata extraction, and PDF generation API. The product looks like a fit for a small fixed-scope external operator test.

Offer: I can do one USD 100 pass and send back a concise report covering:
- onboarding and first workflow friction
- docs/API clarity from a technical operator perspective
- edge cases and failure states worth testing
- one practical checklist you can reuse with early users

I will stay within public/demo flows unless you explicitly provide a sandbox. No production probing or noisy security testing.

Proof/profile:
https://aldorizona10-glitch.github.io/quickops-ai/profile/
https://aldorizona10-glitch.github.io/quickops-ai/landing/#services
https://aldorizona10-glitch.github.io/quickops-ai/security-audit/
https://aldorizona10-glitch.github.io/quickops-ai/start/index.html

Context I found: https://news.ycombinator.com/item?id=48217313

Best,
Aldo
","If contact exists, review draft and send one specific offer. If only contact URL exists, use form manually."
hacker_news,HN Show HN technical tester,Show HN: Pdf2md – 10MB Rust PDF-to-Markdown Tool with a Free API,https://pdf2md.deepdiy.net/,https://news.ycombinator.com/item?id=48175466,2026-05-18T04:06:00Z,10,auto_discover_auto_draft_manual_send,USD 50-100 paid feedback/testing/workflow offer if public contact exists,Send only if contact is public and relevant; no spam; no account/KYC bypass,,,Show HN - PDF workflow testing pass,"Hi,

I saw your Show HN: Pdf2md – 10MB Rust PDF-to-Markdown Tool with a Free API. The product looks like a fit for a small fixed-scope external operator test.

Offer: I can do one USD 100 pass and send back a concise report covering:
- onboarding and first workflow friction
- docs/API clarity from a technical operator perspective
- edge cases and failure states worth testing
- one practical checklist you can reuse with early users

I will stay within public/demo flows unless you explicitly provide a sandbox. No production probing or noisy security testing.

Proof/profile:
https://aldorizona10-glitch.github.io/quickops-ai/profile/
https://aldorizona10-glitch.github.io/quickops-ai/landing/#services
https://aldorizona10-glitch.github.io/quickops-ai/security-audit/
https://aldorizona10-glitch.github.io/quickops-ai/start/index.html

Context I found: https://news.ycombinator.com/item?id=48175466

Best,
Aldo
","If contact exists, review draft and send one specific offer. If only contact URL exists, use form manually."
hacker_news,HN Show HN product feedback,Show HN: A real-time lip-sync avatar so your GPU can sit in standups for you,https://heiner-palmen.github.io/project/software-development/automation/ai/2026/05/13/scrumsurvivor.html,https://news.ycombinator.com/item?id=48370057,2026-06-02T13:32:48Z,0,auto_discover_auto_draft_manual_send,USD 50-100 paid feedback/testing/workflow offer if public contact exists,Send only if contact is public and relevant; no spam; no account/KYC bypass,,,Show HN - practical workflow/testing pass,"Hi,

I saw your Show HN: A real-time lip-sync avatar so your GPU can sit in standups for you. The product looks like a fit for a small fixed-scope external operator test.

Offer: I can do one USD 100 pass and send back a concise report covering:
- onboarding and first workflow friction
- docs/API clarity from a technical operator perspective
- edge cases and failure states worth testing
- one practical checklist you can reuse with early users

I will stay within public/demo flows unless you explicitly provide a sandbox. No production probing or noisy security testing.

Proof/profile:
https://aldorizona10-glitch.github.io/quickops-ai/profile/
https://aldorizona10-glitch.github.io/quickops-ai/landing/#services
https://aldorizona10-glitch.github.io/quickops-ai/security-audit/
https://aldorizona10-glitch.github.io/quickops-ai/start/index.html

Context I found: https://news.ycombinator.com/item?id=48370057

Best,
Aldo
","If contact exists, review draft and send one specific offer. If only contact URL exists, use form manually."
hacker_news,HN Show HN workflow buyer,Show HN: Meadow Notes – extract and publish microsites from your Markdown graphs,https://meadow-notes.com,https://news.ycombinator.com/item?id=48483206,2026-06-10T21:50:31Z,0,auto_discover_auto_draft_manual_send,USD 50-100 paid feedback/testing/workflow offer if public contact exists,Send only if contact is public and relevant; no spam; no account/KYC bypass,,,Show HN - practical workflow/testing pass,"Hi,

I saw your Show HN: Meadow Notes – extract and publish microsites from your Markdown graphs. The product looks like a fit for a small fixed-scope external operator test.

Offer: I can do one USD 100 pass and send back a concise report covering:
- onboarding and first workflow friction
- docs/API clarity from a technical operator perspective
- edge cases and failure states worth testing
- one practical checklist you can reuse with early users

I will stay within public/demo flows unless you explicitly provide a sandbox. No production probing or noisy security testing.

Proof/profile:
https://aldorizona10-glitch.github.io/quickops-ai/profile/
https://aldorizona10-glitch.github.io/quickops-ai/landing/#services
https://aldorizona10-glitch.github.io/quickops-ai/security-audit/
https://aldorizona10-glitch.github.io/quickops-ai/start/index.html

Context I found: https://news.ycombinator.com/item?id=48483206

Best,
Aldo
","If contact exists, review draft and send one specific offer. If only contact URL exists, use form manually."
hacker_news,HN Show HN workflow buyer,Show HN: A controller to automatically mitigate model drift,https://github.com/pberlizov/adaptive-reliability-layer,https://news.ycombinator.com/item?id=48463969,2026-06-09T17:08:01Z,0,auto_discover_auto_draft_manual_send,USD 50-100 paid feedback/testing/workflow offer if public contact exists,Send only if contact is public and relevant; no spam; no account/KYC bypass,,,Show HN - practical workflow/testing pass,"Hi,

I saw your Show HN: A controller to automatically mitigate model drift. The product looks like a fit for a small fixed-scope external operator test.

Offer: I can do one USD 100 pass and send back a concise report covering:
- onboarding and first workflow friction
- docs/API clarity from a technical operator perspective
- edge cases and failure states worth testing
- one practical checklist you can reuse with early users

I will stay within public/demo flows unless you explicitly provide a sandbox. No production probing or noisy security testing.

Proof/profile:
https://aldorizona10-glitch.github.io/quickops-ai/profile/
https://aldorizona10-glitch.github.io/quickops-ai/landing/#services
https://aldorizona10-glitch.github.io/quickops-ai/security-audit/
https://aldorizona10-glitch.github.io/quickops-ai/start/index.html

Context I found: https://news.ycombinator.com/item?id=48463969

Best,
Aldo
","If contact exists, review draft and send one specific offer. If only contact URL exists, use form manually."
hacker_news,HN Show HN workflow buyer,Show HN: fontliberator: Automatic font clean-room reimplementor,https://github.com/robinpie/fontliberator/,https://news.ycombinator.com/item?id=48455968,2026-06-09T03:25:15Z,0,auto_discover_auto_draft_manual_send,USD 50-100 paid feedback/testing/workflow offer if public contact exists,Send only if contact is public and relevant; no spam; no account/KYC bypass,,,Show HN - practical workflow/testing pass,"Hi,

I saw your Show HN: fontliberator: Automatic font clean-room reimplementor. The product looks like a fit for a small fixed-scope external operator test.

Offer: I can do one USD 100 pass and send back a concise report covering:
- onboarding and first workflow friction
- docs/API clarity from a technical operator perspective
- edge cases and failure states worth testing
- one practical checklist you can reuse with early users

I will stay within public/demo flows unless you explicitly provide a sandbox. No production probing or noisy security testing.

Proof/profile:
https://aldorizona10-glitch.github.io/quickops-ai/profile/
https://aldorizona10-glitch.github.io/quickops-ai/landing/#services
https://aldorizona10-glitch.github.io/quickops-ai/security-audit/
https://aldorizona10-glitch.github.io/quickops-ai/start/index.html

Context I found: https://news.ycombinator.com/item?id=48455968

Best,
Aldo
","If contact exists, review draft and send one specific offer. If only contact URL exists, use form manually."
hacker_news,HN Show HN workflow buyer,Show HN: Mach – A compiled systems language looking for contributions,https://github.com/octalide/mach,https://news.ycombinator.com/item?id=48453666,2026-06-08T23:05:20Z,0,auto_discover_auto_draft_manual_send,USD 50-100 paid feedback/testing/workflow offer if public contact exists,Send only if contact is public and relevant; no spam; no account/KYC bypass,,,Show HN - practical workflow/testing pass,"Hi,

I saw your Show HN: Mach – A compiled systems language looking for contributions. The product looks like a fit for a small fixed-scope external operator test.

Offer: I can do one USD 100 pass and send back a concise report covering:
- onboarding and first workflow friction
- docs/API clarity from a technical operator perspective
- edge cases and failure states worth testing
- one practical checklist you can reuse with early users

I will stay within public/demo flows unless you explicitly provide a sandbox. No production probing or noisy security testing.

Proof/profile:
https://aldorizona10-glitch.github.io/quickops-ai/profile/
https://aldorizona10-glitch.github.io/quickops-ai/landing/#services
https://aldorizona10-glitch.github.io/quickops-ai/security-audit/
https://aldorizona10-glitch.github.io/quickops-ai/start/index.html

Context I found: https://news.ycombinator.com/item?id=48453666

Best,
Aldo
","If contact exists, review draft and send one specific offer. If only contact URL exists, use form manually."
hacker_news,HN Show HN testing buyer,"Show HN: TunnelMind – reputation API for IPs, ASNs, and ad-tech supply chains",https://tunnelmind.ai/,https://news.ycombinator.com/item?id=48495969,2026-06-11T20:27:59Z,0,auto_discover_auto_draft_manual_send,USD 50-100 paid feedback/testing/workflow offer if public contact exists,Send only if contact is public and relevant; no spam; no account/KYC bypass,,,Show HN - practical workflow/testing pass,"Hi,

I saw your Show HN: TunnelMind – reputation API for IPs, ASNs, and ad-tech supply chains. The product looks like a fit for a small fixed-scope external operator test.

Offer: I can do one USD 100 pass and send back a concise report covering:
- onboarding and first workflow friction
- docs/API clarity from a technical operator perspective
- edge cases and failure states worth testing
- one practical checklist you can reuse with early users

I will stay within public/demo flows unless you explicitly provide a sandbox. No production probing or noisy security testing.

Proof/profile:
https://aldorizona10-glitch.github.io/quickops-ai/profile/
https://aldorizona10-glitch.github.io/quickops-ai/landing/#services
https://aldorizona10-glitch.github.io/quickops-ai/security-audit/
https://aldorizona10-glitch.github.io/quickops-ai/start/index.html

Context I found: https://news.ycombinator.com/item?id=48495969

Best,
Aldo
","If contact exists, review draft and send one specific offer. If only contact URL exists, use form manually."
hacker_news,HN Show HN testing buyer,Show HN: Extend UI – open-source UI kit for modern document apps,https://www.extend.ai/ui,https://news.ycombinator.com/item?id=48478469,2026-06-10T16:09:26Z,0,auto_discover_auto_draft_manual_send,USD 50-100 paid feedback/testing/workflow offer if public contact exists,Send only if contact is public and relevant; no spam; no account/KYC bypass,,,Show HN - practical workflow/testing pass,"Hi,

I saw your Show HN: Extend UI – open-source UI kit for modern document apps. The product looks like a fit for a small fixed-scope external operator test.

Offer: I can do one USD 100 pass and send back a concise report covering:
- onboarding and first workflow friction
- docs/API clarity from a technical operator perspective
- edge cases and failure states worth testing
- one practical checklist you can reuse with early users

I will stay within public/demo flows unless you explicitly provide a sandbox. No production probing or noisy security testing.

Proof/profile:
https://aldorizona10-glitch.github.io/quickops-ai/profile/
https://aldorizona10-glitch.github.io/quickops-ai/landing/#services
https://aldorizona10-glitch.github.io/quickops-ai/security-audit/
https://aldorizona10-glitch.github.io/quickops-ai/start/index.html

Context I found: https://news.ycombinator.com/item?id=48478469

Best,
Aldo
","If contact exists, review draft and send one specific offer. If only contact URL exists, use form manually."
hacker_news,HN Show HN testing buyer,Show HN: The agent that builds and operates its own SaaS tools,https://craftbot.live,https://news.ycombinator.com/item?id=48469352,2026-06-09T23:44:41Z,0,auto_discover_auto_draft_manual_send,USD 50-100 paid feedback/testing/workflow offer if public contact exists,Send only if contact is public and relevant; no spam; no account/KYC bypass,,,Show HN - AI workflow testing pass,"Hi,

I saw your Show HN: The agent that builds and operates its own SaaS tools. The product looks like a fit for a small fixed-scope external operator test.

Offer: I can do one USD 100 pass and send back a concise report covering:
- onboarding and first workflow friction
- docs/API clarity from a technical operator perspective
- edge cases and failure states worth testing
- one practical checklist you can reuse with early users

I will stay within public/demo flows unless you explicitly provide a sandbox. No production probing or noisy security testing.

Proof/profile:
https://aldorizona10-glitch.github.io/quickops-ai/profile/
https://aldorizona10-glitch.github.io/quickops-ai/landing/#services
https://aldorizona10-glitch.github.io/quickops-ai/security-audit/
https://aldorizona10-glitch.github.io/quickops-ai/start/index.html

Context I found: https://news.ycombinator.com/item?id=48469352

Best,
Aldo
","If contact exists, review draft and send one specific offer. If only contact URL exists, use form manually."
