priority,type,name,source_url,signal,offer_angle,next_action,ready_message
1,Founder/product feedback,MailAI,https://news.ycombinator.com/item?id=45704171,"Founder describes repetitive invoice/payment/customer-email workflows and asks what workflows people would automate.","Offer one implementation/audit package for Gmail/Stripe/Sheets workflows at USD 100.","Comment on HN or find public contact on mailai.live.","I saw your HN post about Gmail + Stripe workflows. The strongest wedge I see is a fixed-scope setup for founders: invoice replies, payment reminders, CRM/sheet update, and escalation rules. I run a tiny implementation offer at USD 100 for one workflow and can also test MailAI from an operator perspective if useful."
2,Founder/product feedback,Auxx AI,https://news.ycombinator.com/item?id=47827928,"Founder says his dad's business was drowning in support messages and forgetting responses; product mixes CRM and n8n.","Offer customer-support workflow implementation and documentation for one small business use case.","Comment on HN with a concrete workflow idea.","The pain story about your dad's business is exactly what small service businesses understand. A good first paid implementation offer could be: inbox triage -> ticket status -> drafted reply -> follow-up reminder. I can package and document one workflow like this for USD 100 if you want an external operator test."
3,Founder/product feedback,rtrvr.ai,https://news.ycombinator.com/item?id=46610706,"Founder positions product for lead gen and scraping into Google Sheets.","Offer to build a repeatable lead-list workflow and sample vertical templates.","Comment on HN or contact through rtrvr.ai.","Your Google Sheet -> browser agents -> enriched sheet flow is directly useful for micro-agencies. I am building a no-budget lead-gen agency kit and can create one vertical-specific lead workflow template for USD 100 or provide user feedback from the agency operator side."
4,Founder/product feedback,Caddie AI,https://news.ycombinator.com/item?id=47399952,"Founder describes GTM work: outreach, CRM logging, meeting prep, Reddit/X research, LinkedIn ghostwriting.","Offer one GTM workflow implementation or QA as a service.","Comment on HN with confirmation-first workflow suggestion.","The strongest small-business workflow here is confirmation-first outreach: research prospect -> draft personalized message -> wait for approve -> log CRM. I can build/test one reusable GTM workflow around that for USD 100 and document the operator handoff."
5,Founder/product feedback,Barawave,https://news.ycombinator.com/item?id=43736535,"Founder mentions one tool for CRM, invoicing, inventory, Google Sheets duct-tape, follow-ups, dashboards, automations.","Offer a small ops audit for one eCom/operator workflow.","Reply with a specific bottleneck and offer pilot.","The bottleneck I see most often is not CRM features, it is messy handoff: inquiry -> invoice/order -> follow-up -> status dashboard. I can map one operator workflow and produce a usable spec/demo for USD 100 if you want a practical pilot."
6,Founder/product feedback,Add to Sheets,https://news.ycombinator.com/item?id=46534415,"Founder markets website data extraction into Google Sheets without code.","Offer vertical scraping workflow templates for agencies.","Reply with a template proposal.","This is useful for lead-gen operators if packaged as vertical templates. Example: local businesses -> website/contact fields -> service list -> sheet status. I can design one agency-ready template and handoff doc for USD 100."
7,Founder/product feedback,LinkyCal,https://news.ycombinator.com/item?id=40610595,"Founder is building for small service businesses with scheduling, CRM, lead capture, forms.","Offer service-business onboarding workflow and landing copy audit.","Comment or contact through site.","Your target customer needs a done-for-you first setup more than another feature list. I can create a USD 100 onboarding package: link-in-bio/lead capture -> CRM stages -> follow-up templates -> handover doc."
8,Founder/product feedback,MagnetManager,https://news.ycombinator.com/item?id=43451628,"Founder targets creators with content but no capture problem.","Offer creator lead-magnet funnel setup and outbound feedback.","Comment or contact through site.","The 'content with no capture' pain is clear. A small paid service around it would be: pick one video/article -> lead magnet -> email capture -> 3-email follow-up. I can build the implementation checklist and first funnel for USD 100."
9,Founder/product feedback,SVVARM,https://news.ycombinator.com/item?id=41579954,"Founder says automation tools are complicated and Zapier often takes days/trial-and-error.","Offer no-code automation implementation and onboarding testing.","Comment or use public contact in post.","Your point about automation setup taking days is the service opportunity. I can test the onboarding from the perspective of a non-technical agency operator and package one real automation workflow for USD 100."
10,Founder/product feedback,Slashy,https://news.ycombinator.com/item?id=45129031,"Founder describes workflows across Gmail, Calendar, Notion, Sheets, Airtable, HubSpot, LinkedIn, CRM.","Offer workflow QA and handoff templates for SMB users.","Comment on HN with a specific small business workflow.","For SMB users, a strong first workflow is: research prospect -> create CRM contact -> draft outreach -> schedule follow-up. I can build a simple implementation/handoff template around that for USD 100 and test where non-technical users get stuck."
11,Community channel,Hacker News Show HN,https://news.ycombinator.com/show,"Founders actively ask for feedback and operator workflows.","Post useful comments under relevant launches; avoid spam.","Search daily for CRM, Sheets, automation, lead capture.","Find one fresh Show HN about CRM/automation and leave a practical workflow comment with a small service offer only if relevant."
12,Community channel,Indie Hackers,https://www.indiehackers.com/,"Bootstrapped founders discuss sales, ops, and customer workflows.","Answer threads with audit offers and templates.","Search for CRM, sales, automation, follow-up.","Post one useful answer per day: include a mini workflow and offer a fixed USD 100 implementation."
13,Community channel,LinkedIn search,https://www.linkedin.com/search/results/content/,"Founders post about manual ops, follow-up, CRM, lead gen.","Send personalized connection messages.","Search exact terms: manual follow up, CRM mess, spreadsheet leads.","Use the LinkedIn template in outreach_templates.md after personalizing the first line."
14,Community channel,X search,https://x.com/search,"Founders complain in public about admin and follow-up.","Reply helpfully; move to DM only when invited.","Search: \"manual follow up\", \"spreadsheet CRM\", \"too many leads\", \"Zapier broke\".","Reply with one concrete workflow map; do not pitch unless they ask."
15,Community channel,Google Maps manual,https://www.google.com/maps,"Local businesses often lack intake forms or CRM follow-up.","Create a 2-minute audit and email/WhatsApp it.","Search 5 niches: dental clinic, salon, tutoring, renovation, real estate.","Use the Google Maps template; send only to businesses with public contact info."
16,Global marketplace,Upwork Zapier search,https://www.upwork.com/nx/search/jobs/?q=zapier%20automation,"Clients post specific automation tasks and often need small fixed-scope help.","Apply only to jobs matching one workflow and USD 100 starter scope.","Search daily for Zapier automation, HubSpot setup, Google Sheets automation.","Proposal angle: I can deliver one workflow in 24-48 hours: trigger -> CRM/sheet -> follow-up -> handover."
17,Global marketplace,Upwork n8n search,https://www.upwork.com/nx/search/jobs/?q=n8n%20automation,"n8n clients often need implementation help rather than strategy.","Apply to simple workflows, avoid complex enterprise jobs.","Search daily and save jobs requiring lead capture, email, Sheets, CRM.","Proposal angle: I build the first working n8n workflow and document it."
18,Global marketplace,Contra,https://contra.com/discover,"Global freelancers can list productized services.","Create a profile/service if account is available.","Search automation, no-code, CRM, operations.","Offer: USD 100 lead workflow setup."
19,Global marketplace,Fiverr search,https://www.fiverr.com/search/gigs?query=zapier%20automation,"Good for market validation and pricing research; direct selling needs account setup.","Study top gigs and create a focused gig manually.","Search Zapier automation, n8n automation, HubSpot setup.","Gig title: I will setup one lead capture and follow-up workflow."
20,Global community,Reddit r/smallbusiness,https://www.reddit.com/r/smallbusiness/search/?q=crm%20follow%20up&restrict_sr=1&sort=new,"Small business owners discuss CRM, follow-up, and admin pain.","Answer questions with workflow maps, do not spam.","Search CRM, lead tracking, follow up, Google Sheets.","Offer audit only after helping in thread."
21,Global community,Reddit r/Entrepreneur,https://www.reddit.com/r/Entrepreneur/search/?q=automation%20crm&restrict_sr=1&sort=new,"Founders ask about operations and automation.","Post useful workflow teardown.","Search automation CRM, lead capture, sales follow-up.","Use public answer first, DM only if invited."
22,Global community,Reddit r/n8n,https://www.reddit.com/r/n8n/search/?q=help%20workflow&restrict_sr=1&sort=new,"Users ask for workflow help.","Answer workflow questions and show expertise.","Search help workflow, Google Sheets, CRM, email.","Offer paid implementation only if rules allow and user asks."
23,Global search,X manual search - Zapier broke,https://x.com/search?q=%22Zapier%20broke%22&src=typed_query&f=live,"Users publicly complain when automations break.","Reply with diagnostic checklist and offer fixed setup.","Check live search daily.","Public reply: identify trigger/action/logging issue and ask if they want a lightweight map."
24,Global search,X manual search - spreadsheet CRM,https://x.com/search?q=%22spreadsheet%20CRM%22&src=typed_query&f=live,"Founders discuss using spreadsheets as CRM.","Offer a cleaned-up pipeline and follow-up template.","Check daily.","Reply with pipeline stages and USD 100 fixed workflow only if relevant."
25,Global search,LinkedIn content search,https://www.linkedin.com/search/results/content/?keywords=manual%20follow%20up,"Global professionals post about sales/admin pain.","Connect and DM only after personalizing.","Search manual follow up, lead tracking, CRM setup.","Use LinkedIn template and mention exact post context."
